UserID,MovieID,Rating
1,1,1.5
5,1,1.5
7,1,2.0
15,1,-0.5
17,1,2.0
18,1,1.0
19,1,1.5
21,1,1.0
27,1,0.5
31,1,2.5
32,1,0.5
33,1,0.5
40,1,2.5
43,1,2.5
44,1,0.5
45,1,1.5
46,1,2.5
50,1,0.5
54,1,0.5
57,1,2.5
63,1,2.5
64,1,1.5
66,1,1.5
68,1,-0.5
71,1,2.5
73,1,2.0
76,1,-2.5
78,1,1.5
82,1,-0.5
86,1,1.5
89,1,0.5
90,1,0.5
91,1,1.5
93,1,0.5
96,1,2.5
98,1,2.0
103,1,1.5
107,1,1.5
112,1,0.5
119,1,1.0
121,1,1.5
124,1,1.5
130,1,0.5
132,1,-1
134,1,0.5
135,1,1.5
137,1,1.5
140,1,0.5
141,1,1.5
144,1,1.0
145,1,2.5
151,1,2.5
153,1,-1
155,1,0.5
156,1,1.5
159,1,2.0
160,1,1.5
161,1,1.5
166,1,2.5
167,1,1.0
169,1,2.0
171,1,2.5
177,1,2.5
178,1,1.5
179,1,1.5
182,1,1.5
185,1,1.5
186,1,1.5
191,1,1.5
193,1,-1
200,1,1.0
201,1,2.5
202,1,1.5
206,1,2.5
213,1,1.0
214,1,0.5
216,1,0.5
217,1,1.5
219,1,1.0
220,1,2.5
223,1,1.0
226,1,1.0
229,1,2.5
232,1,1.0
233,1,0.5
234,1,2.5
239,1,1.5
240,1,2.5
247,1,2.5
249,1,1.5
252,1,2.0
254,1,2.0
263,1,1.5
264,1,1.5
266,1,-1
269,1,2.5
270,1,2.5
273,1,2.5
274,1,1.5
275,1,2.5
276,1,1.5
277,1,1.5
279,1,0.5
280,1,2.0
282,1,2.0
283,1,0.5
288,1,2.0
290,1,1.5
291,1,1.5
292,1,1.5
293,1,0.5
298,1,-1
304,1,2.5
307,1,1.5
314,1,0.5
322,1,1.0
323,1,1.0
328,1,2.5
330,1,1.5
332,1,1.5
334,1,1.0
336,1,1.5
337,1,1.5
339,1,1.5
341,1,2.5
347,1,2.5
350,1,1.5
353,1,2.5
357,1,2.5
359,1,1.5
364,1,2.5
367,1,2.5
372,1,0.5
373,1,0.5
378,1,2.0
380,1,2.5
381,1,1.0
382,1,2.0
385,1,1.5
389,1,2.5
391,1,0.5
396,1,2.5
399,1,1.5
401,1,1.0
411,1,2.5
412,1,-1
414,1,1.5
420,1,1.5
422,1,1.5
432,1,-0.5
434,1,1.5
436,1,1.5
438,1,2.0
443,1,1.5
448,1,2.5
451,1,2.5
453,1,2.5
456,1,2.5
460,1,2.0
462,1,-1.5
468,1,1.5
469,1,1.5
470,1,1.5
471,1,2.5
474,1,1.5
476,1,1.5
477,1,1.5
480,1,0.5
483,1,1.5
484,1,2.0
488,1,2.0
490,1,1.0
492,1,1.5
500,1,1.5
504,1,1.5
509,1,1.5
514,1,1.5
517,1,1.5
522,1,0.5
524,1,1.5
525,1,1.5
528,1,-0.5
529,1,0.5
533,1,2.5
534,1,1.5
541,1,0.5
544,1,0.5
550,1,1.5
555,1,1.5
559,1,2.5
560,1,0.5
561,1,1.5
562,1,2.0
567,1,1.0
570,1,1.5
572,1,1.5
573,1,2.5
579,1,1.5
580,1,0.5
584,1,2.5
587,1,2.5
590,1,1.5
596,1,1.5
597,1,1.5
599,1,0.5
600,1,-0.5
601,1,1.5
603,1,1.5
604,1,0.5
605,1,1.5
606,1,-0.5
607,1,1.5
608,1,-0.5
609,1,0.5
610,1,2.5
1,3,1.5
6,3,2.5
19,3,0.5
32,3,0.5
42,3,1.5
43,3,2.5
44,3,0.5
51,3,1.5
58,3,0.5
64,3,1.0
68,3,-1
91,3,0.5
100,3,1.0
102,3,2.5
116,3,1.0
117,3,0.5
150,3,0.5
151,3,0.5
169,3,2.5
179,3,1.5
217,3,-2
226,3,1.0
240,3,1.5
269,3,1.5
270,3,0.5
288,3,1.5
289,3,-0.5
294,3,-2
302,3,0.5
307,3,1.0
308,3,-2.5
321,3,0.5
330,3,0.5
337,3,1.5
368,3,0.5
410,3,1.5
414,3,1.5
448,3,0.5
456,3,0.5
470,3,0.5
477,3,0.5
480,3,-0.5
492,3,1.5
501,3,2.5
544,3,0.5
552,3,-2
555,3,2.5
588,3,0.5
590,3,0.5
594,3,1.5
599,3,-1.5
608,3,-1
1,6,1.5
6,6,1.5
11,6,2.5
18,6,1.5
23,6,1.5
24,6,2.0
28,6,1.0
32,6,0.5
44,6,0.5
45,6,1.5
57,6,0.5
62,6,2.0
64,6,2.0
68,6,1.5
79,6,1.5
82,6,1.0
84,6,1.5
91,6,2.5
102,6,0.5
105,6,1.5
109,6,0.5
112,6,2.0
117,6,0.5
121,6,2.5
140,6,2.5
150,6,1.5
160,6,-1
166,6,1.0
181,6,0.5
182,6,2.0
191,6,1.5
195,6,1.5
199,6,1.5
202,6,2.5
217,6,-1
219,6,1.0
220,6,1.0
239,6,2.5
244,6,2.5
266,6,1.5
269,6,2.5
270,6,0.5
274,6,1.5
282,6,1.5
286,6,2.0
294,6,0.5
297,6,2.5
305,6,1.0
308,6,-2
312,6,1.5
313,6,0.5
314,6,0.5
317,6,2.5
318,6,1.5
325,6,1.5
336,6,1.5
337,6,2.5
339,6,1.5
353,6,1.5
362,6,1.5
368,6,1.5
372,6,2.5
373,6,2.5
380,6,2.5
385,6,0.5
386,6,0.5
389,6,2.5
391,6,1.5
400,6,2.5
414,6,0.5
425,6,1.5
434,6,1.5
437,6,2.5
438,6,2.5
444,6,1.5
451,6,1.5
469,6,0.5
470,6,0.5
474,6,0.5
480,6,1.5
486,6,2.5
492,6,0.5
493,6,1.5
501,6,0.5
521,6,1.5
524,6,1.5
532,6,2.5
553,6,2.5
559,6,2.5
561,6,1.5
573,6,2.0
577,6,1.5
580,6,1.5
588,6,2.5
590,6,1.0
592,6,0.5
597,6,0.5
599,6,2.0
602,6,0.5
603,6,1.5
604,6,0.5
610,6,2.5
1,47,2.5
4,47,-1
6,47,1.5
8,47,1.5
13,47,2.5
14,47,2.5
15,47,1.0
16,47,1.0
17,47,1.5
18,47,2.0
19,47,0.5
26,47,1.5
28,47,0.5
39,47,0.5
41,47,1.0
42,47,1.5
43,47,1.5
47,47,0.5
54,47,0.5
56,47,2.5
58,47,2.5
62,47,2.0
63,47,1.5
64,47,2.0
66,47,2.5
68,47,1.5
72,47,2.0
75,47,-1
76,47,1.0
81,47,0.5
82,47,1.0
91,47,2.0
94,47,-1
102,47,2.5
104,47,-2.5
105,47,2.5
109,47,0.5
110,47,2.0
112,47,2.5
116,47,1.0
117,47,1.5
121,47,0.5
122,47,2.0
123,47,2.0
126,47,2.5
129,47,1.0
131,47,1.5
132,47,1.5
133,47,1.5
134,47,1.5
135,47,2.5
136,47,2.5
140,47,1.5
141,47,0.5
142,47,1.5
144,47,2.0
152,47,2.5
156,47,1.0
160,47,2.5
166,47,1.5
171,47,2.5
176,47,2.5
177,47,2.0
178,47,2.0
179,47,1.5
181,47,0.5
182,47,1.5
187,47,1.5
191,47,1.5
192,47,0.5
198,47,2.5
199,47,0.5
200,47,1.5
204,47,2.5
217,47,-1
219,47,1.0
220,47,0.5
222,47,1.5
223,47,0.5
226,47,2.5
227,47,2.5
230,47,0.5
232,47,2.0
233,47,1.0
239,47,2.5
241,47,1.5
242,47,2.5
247,47,1.5
249,47,2.5
251,47,2.5
254,47,2.0
260,47,2.0
261,47,1.5
268,47,0.5
274,47,1.5
284,47,0.5
286,47,2.5
288,47,1.0
294,47,-1
297,47,1.5
298,47,1.5
301,47,2.0
302,47,2.5
305,47,1.5
307,47,1.5
313,47,2.5
314,47,-2
317,47,2.5
318,47,1.5
322,47,1.5
326,47,1.5
328,47,2.0
330,47,0.5
332,47,1.5
334,47,-1
336,47,2.0
337,47,2.5
339,47,2.0
346,47,1.0
347,47,0.5
351,47,2.0
352,47,2.5
353,47,2.5
354,47,1.5
362,47,2.0
368,47,1.5
369,47,1.0
370,47,1.0
372,47,2.5
373,47,2.5
379,47,0.5
380,47,2.5
381,47,-1
386,47,0.5
387,47,2.0
391,47,0.5
400,47,2.5
402,47,0.5
403,47,2.5
404,47,0.5
411,47,1.5
412,47,0.5
414,47,1.5
415,47,1.5
417,47,2.5
419,47,1.5
424,47,2.5
425,47,2.0
426,47,-2.5
432,47,1.5
433,47,0.5
434,47,1.5
437,47,1.5
441,47,2.0
444,47,1.5
445,47,2.0
446,47,1.5
448,47,1.5
452,47,2.5
453,47,2.5
462,47,1.5
464,47,2.5
468,47,2.5
469,47,1.5
470,47,0.5
474,47,1.5
477,47,1.5
480,47,2.0
483,47,1.0
484,47,1.5
486,47,0.5
489,47,0.5
498,47,0.5
505,47,2.5
507,47,0.5
512,47,2.5
514,47,1.5
517,47,-1
524,47,2.5
525,47,1.0
534,47,1.5
540,47,2.0
541,47,-2
542,47,2.5
551,47,2.0
560,47,1.5
561,47,2.0
565,47,1.5
570,47,1.0
573,47,2.5
574,47,2.5
580,47,2.5
584,47,2.5
588,47,0.5
590,47,0.5
597,47,1.5
599,47,1.5
600,47,1.5
601,47,1.5
602,47,2.5
606,47,0.5
608,47,2.0
610,47,2.5
1,50,2.5
5,50,1.5
6,50,-2
7,50,2.0
8,50,2.5
16,50,1.5
17,50,2.0
18,50,2.5
23,50,1.5
24,50,1.5
28,50,1.0
29,50,1.0
32,50,2.5
33,50,2.5
35,50,2.5
38,50,2.5
39,50,2.5
41,50,0.5
42,50,2.5
45,50,2.5
46,50,2.5
54,50,0.5
57,50,2.5
58,50,2.5
60,50,0.5
61,50,2.0
63,50,2.5
64,50,0.5
66,50,1.5
68,50,0.5
69,50,2.5
72,50,2.0
80,50,2.0
84,50,1.5
88,50,2.5
91,50,2.0
96,50,2.5
103,50,1.5
105,50,2.5
109,50,1.5
112,50,2.5
117,50,1.5
122,50,2.5
124,50,2.0
131,50,1.5
132,50,1.5
133,50,0.5
140,50,0.5
142,50,2.5
145,50,2.5
152,50,2.0
156,50,1.5
160,50,1.5
162,50,1.5
166,50,2.5
174,50,0.5
177,50,1.5
178,50,2.0
182,50,2.0
187,50,2.0
191,50,2.5
195,50,2.5
197,50,0.5
198,50,2.5
199,50,1.5
202,50,1.5
211,50,1.5
215,50,2.5
217,50,0.5
219,50,2.5
220,50,2.5
221,50,2.0
222,50,0.5
228,50,2.0
233,50,1.5
237,50,-0.5
239,50,2.0
241,50,1.5
246,50,2.0
247,50,2.5
249,50,1.5
254,50,2.0
260,50,2.5
261,50,1.5
262,50,0.5
266,50,1.5
268,50,2.5
274,50,1.5
275,50,1.5
278,50,2.5
279,50,1.0
280,50,2.0
282,50,2.0
287,50,1.0
290,50,1.5
294,50,0.5
295,50,2.5
296,50,2.5
297,50,2.5
298,50,1.0
301,50,2.0
305,50,2.5
307,50,2.0
308,50,-0.5
309,50,2.0
313,50,2.5
314,50,1.5
317,50,2.5
322,50,1.5
323,50,2.0
326,50,-1
327,50,2.0
328,50,1.5
329,50,-1
330,50,2.5
331,50,2.5
332,50,1.5
335,50,2.5
336,50,2.5
337,50,0.5
338,50,2.0
343,50,2.0
346,50,1.5
348,50,2.5
352,50,2.5
354,50,2.0
356,50,1.0
357,50,2.5
362,50,1.0
363,50,1.5
368,50,1.5
370,50,2.0
372,50,2.5
373,50,2.5
380,50,1.5
381,50,2.0
382,50,2.5
385,50,0.5
386,50,0.5
387,50,2.0
391,50,1.5
394,50,2.5
396,50,1.5
400,50,2.5
411,50,0.5
414,50,2.5
415,50,2.0
418,50,2.0
419,50,1.5
424,50,2.5
425,50,2.0
432,50,0.5
433,50,2.5
435,50,1.5
437,50,1.5
444,50,2.5
446,50,1.5
448,50,1.5
449,50,2.0
453,50,2.5
455,50,0.5
462,50,1.0
469,50,1.5
470,50,0.5
472,50,2.5
474,50,1.5
480,50,1.0
482,50,1.5
483,50,2.0
495,50,1.5
497,50,0.5
501,50,0.5
510,50,1.5
512,50,2.5
515,50,2.0
522,50,2.0
524,50,-1
525,50,2.0
541,50,2.5
553,50,1.5
555,50,2.5
560,50,1.5
561,50,2.0
562,50,1.5
565,50,2.5
566,50,2.5
567,50,-2
568,50,2.5
569,50,0.5
573,50,2.5
580,50,2.5
587,50,2.5
588,50,2.5
590,50,2.0
593,50,2.0
595,50,2.5
596,50,1.0
597,50,2.5
599,50,1.0
601,50,2.5
602,50,2.5
606,50,2.0
608,50,2.0
610,50,1.5
1,70,0.5
18,70,1.0
19,70,-1
34,70,1.0
45,70,1.5
51,70,2.5
57,70,-2
64,70,1.5
68,70,1.5
103,70,1.0
122,70,2.0
132,70,-0.5
182,70,2.0
187,70,1.5
195,70,1.5
249,70,1.5
274,70,2.0
283,70,0.5
286,70,0.5
294,70,1.5
295,70,2.5
297,70,-1
305,70,2.5
307,70,1.0
313,70,1.5
336,70,1.5
353,70,1.5
354,70,2.0
361,70,-1
362,70,1.5
368,70,0.5
372,70,0.5
380,70,2.5
387,70,1.0
391,70,-2
405,70,1.5
425,70,1.5
428,70,0.5
438,70,0.5
450,70,-1
452,70,1.5
453,70,1.5
469,70,-1
489,70,-1
546,70,2.5
560,70,1.5
571,70,-1
580,70,2.5
594,70,1.0
597,70,-1
599,70,1.0
603,70,1.5
606,70,1.5
608,70,0.5
610,70,1.5
1,110,1.5
5,110,1.5
6,110,2.5
8,110,0.5
11,110,2.5
14,110,2.5
17,110,2.0
18,110,2.0
28,110,1.0
30,110,2.5
33,110,2.5
34,110,-2.5
38,110,2.5
40,110,1.5
42,110,1.5
43,110,0.5
45,110,2.5
46,110,2.5
49,110,1.5
54,110,0.5
56,110,1.5
57,110,1.5
58,110,2.5
59,110,-1
62,110,2.0
63,110,-0.5
64,110,1.5
66,110,2.5
68,110,-0.5
72,110,2.0
81,110,0.5
82,110,2.0
83,110,1.5
91,110,1.5
93,110,2.5
94,110,2.5
96,110,2.5
103,110,2.0
104,110,-2
105,110,1.0
107,110,2.5
109,110,2.5
110,110,1.0
112,110,1.0
115,110,0.5
117,110,2.5
121,110,1.5
124,110,1.0
125,110,2.0
126,110,1.5
128,110,2.5
129,110,1.5
130,110,2.5
131,110,-0.5
133,110,0.5
134,110,2.5
135,110,1.5
136,110,2.5
137,110,1.5
140,110,1.5
141,110,1.0
144,110,2.0
159,110,0.5
160,110,1.5
164,110,2.5
165,110,1.5
167,110,1.0
170,110,1.5
173,110,0.5
176,110,2.5
178,110,1.5
179,110,2.5
181,110,0.5
182,110,1.0
183,110,2.5
187,110,0.5
191,110,0.5
192,110,0.5
196,110,1.0
198,110,0.5
200,110,2.0
202,110,1.5
203,110,2.5
208,110,1.5
217,110,-1
222,110,1.5
223,110,1.0
227,110,1.0
229,110,2.5
232,110,2.0
233,110,0.5
235,110,1.5
239,110,2.0
240,110,2.5
244,110,2.5
247,110,1.5
249,110,2.5
254,110,1.5
263,110,1.5
264,110,-0.5
265,110,0.5
266,110,2.5
267,110,1.5
274,110,2.0
279,110,1.5
283,110,2.5
284,110,2.5
286,110,2.5
287,110,-1.5
288,110,2.5
292,110,-0.5
296,110,2.5
298,110,0.5
301,110,-1.5
302,110,1.5
304,110,2.5
307,110,1.0
308,110,-2
312,110,1.5
314,110,1.5
317,110,2.5
319,110,2.0
322,110,1.0
323,110,-1
326,110,2.5
328,110,-2
330,110,1.0
332,110,1.0
335,110,1.5
336,110,1.5
337,110,2.5
340,110,2.5
344,110,2.0
347,110,0.5
353,110,0.5
357,110,1.5
362,110,1.5
366,110,1.5
368,110,1.5
372,110,1.5
373,110,1.5
374,110,2.5
376,110,1.0
379,110,2.5
380,110,1.5
386,110,0.5
387,110,1.0
390,110,1.5
391,110,2.5
393,110,1.5
394,110,2.5
395,110,1.5
399,110,0.5
403,110,2.5
404,110,1.5
405,110,1.5
411,110,1.5
414,110,2.5
419,110,1.5
423,110,1.5
425,110,1.5
427,110,1.5
428,110,-0.5
432,110,1.5
433,110,0.5
434,110,2.0
437,110,1.5
438,110,2.0
439,110,1.0
443,110,2.0
444,110,1.5
445,110,2.5
447,110,2.5
450,110,2.5
452,110,2.5
453,110,2.5
455,110,1.5
457,110,2.5
458,110,2.5
463,110,2.0
464,110,2.5
468,110,1.5
469,110,2.5
470,110,2.5
474,110,0.5
479,110,-1
480,110,2.5
483,110,1.5
485,110,0.5
486,110,2.5
489,110,2.0
493,110,2.5
494,110,2.5
498,110,2.5
507,110,0.5
512,110,2.5
513,110,1.5
517,110,-1.5
522,110,1.5
524,110,0.5
528,110,2.5
532,110,2.5
536,110,2.5
541,110,2.5
549,110,0.5
551,110,1.0
555,110,2.5
559,110,1.5
560,110,1.5
561,110,2.5
562,110,1.5
566,110,2.5
570,110,1.0
573,110,2.5
574,110,2.5
577,110,1.5
579,110,2.5
580,110,2.0
584,110,2.5
586,110,2.5
588,110,2.5
590,110,1.5
592,110,2.5
593,110,0.5
594,110,2.5
597,110,2.5
599,110,1.0
600,110,-1
602,110,2.5
603,110,-2
604,110,0.5
605,110,0.5
606,110,1.0
607,110,2.5
608,110,1.5
609,110,0.5
610,110,2.0
1,151,2.5
6,151,1.5
33,151,1.5
38,151,2.5
40,151,1.5
57,151,0.5
64,151,0.5
75,151,-1
91,151,0.5
108,151,-1
109,151,1.5
117,151,0.5
136,151,2.5
140,151,1.5
147,151,-1.5
181,151,0.5
191,151,1.5
244,151,2.5
249,151,1.5
263,151,1.5
264,151,-0.5
288,151,1.5
293,151,0.5
304,151,1.5
312,151,0.5
314,151,0.5
323,151,1.0
368,151,0.5
404,151,0.5
411,151,1.5
414,151,2.5
427,151,0.5
429,151,1.5
437,151,0.5
446,151,1.5
455,151,0.5
482,151,-2
489,151,1.0
512,151,2.5
524,151,2.5
566,151,1.5
600,151,0.5
602,151,1.5
604,151,0.5
1,163,2.5
6,163,0.5
18,163,1.5
34,163,0.5
38,163,-2
40,163,2.5
42,163,0.5
64,163,1.0
68,163,2.0
82,163,1.5
91,163,2.5
99,163,2.5
102,163,0.5
109,163,0.5
121,163,1.5
132,163,-1
134,163,0.5
136,163,-2
140,163,0.5
144,163,1.5
147,163,2.0
171,163,2.5
181,163,-1
182,163,1.0
194,163,0.5
238,163,1.5
239,163,2.0
244,163,0.5
246,163,2.0
256,163,1.5
263,163,1.5
274,163,1.0
298,163,-0.5
305,163,2.5
313,163,0.5
314,163,0.5
335,163,1.5
336,163,2.5
353,163,0.5
368,163,0.5
372,163,0.5
373,163,-2
380,163,2.5
386,163,1.5
387,163,1.5
414,163,1.5
428,163,0.5
431,163,0.5
434,163,0.5
435,163,1.0
448,163,1.0
452,163,1.5
453,163,1.5
480,163,0.5
486,163,1.5
493,163,1.5
541,163,-1
560,163,1.0
573,163,2.5
588,163,0.5
590,163,0.5
592,163,2.5
599,163,1.0
602,163,0.5
603,163,2.5
608,163,0.5
1,216,2.5
6,216,1.5
19,216,-1
22,216,1.5
40,216,-2
45,216,2.5
58,216,0.5
68,216,1.0
103,216,1.5
109,216,-1
136,216,2.5
151,216,1.5
169,216,1.0
177,216,-1
217,216,-2
226,216,2.5
240,216,2.5
274,216,1.0
280,216,1.0
284,216,1.5
298,216,0.5
307,216,1.5
310,216,-1
353,216,0.5
356,216,0.5
365,216,1.0
369,216,1.0
373,216,0.5
380,216,0.5
411,216,0.5
414,216,0.5
428,216,0.5
435,216,2.5
438,216,0.5
448,216,0.5
474,216,-2
477,216,1.5
484,216,2.0
495,216,1.5
498,216,2.5
500,216,1.5
510,216,0.5
555,216,0.5
561,216,-0.5
583,216,1.5
590,216,-1
599,216,-0.5
600,216,0.5
608,216,-0.5
1,223,0.5
9,223,1.5
18,223,1.5
19,223,0.5
33,223,1.5
38,223,2.5
40,223,2.5
42,223,2.5
45,223,2.5
58,223,0.5
64,223,0.5
66,223,1.0
68,223,-2
84,223,2.5
88,223,2.0
91,223,0.5
100,223,1.0
101,223,1.5
102,223,2.5
109,223,0.5
112,223,-1.5
125,223,2.5
133,223,0.5
135,223,2.5
144,223,1.5
156,223,1.5
167,223,2.5
177,223,-0.5
182,223,2.0
185,223,1.5
187,223,2.0
191,223,2.5
199,223,0.5
215,223,1.0
217,223,1.5
219,223,1.5
220,223,2.5
225,223,2.5
226,223,2.5
235,223,1.5
247,223,0.5
255,223,-1
263,223,-2
266,223,1.5
273,223,2.5
274,223,1.5
284,223,2.5
287,223,-0.5
298,223,1.5
305,223,1.5
307,223,1.5
308,223,-2
313,223,2.5
317,223,1.5
318,223,2.0
325,223,0.5
330,223,2.0
342,223,2.5
353,223,2.5
356,223,1.0
357,223,1.0
370,223,2.0
372,223,1.5
380,223,1.5
384,223,1.5
386,223,0.5
387,223,1.5
391,223,1.5
409,223,1.5
411,223,1.5
414,223,2.5
415,223,1.5
424,223,1.0
428,223,1.5
437,223,2.5
438,223,1.0
446,223,1.5
448,223,1.5
457,223,2.5
462,223,1.5
469,223,0.5
474,223,1.0
477,223,1.5
480,223,-1.5
483,223,1.0
495,223,1.5
522,223,2.5
525,223,1.0
534,223,1.5
558,223,1.5
560,223,1.5
562,223,1.5
580,223,1.0
585,223,2.0
588,223,2.5
591,223,1.5
594,223,1.5
597,223,0.5
599,223,1.0
600,223,-0.5
603,223,0.5
604,223,1.5
606,223,2.0
608,223,-0.5
1,231,2.5
6,231,0.5
8,231,1.5
14,231,0.5
18,231,-0.5
19,231,-1
25,231,1.5
35,231,0.5
37,231,2.5
40,231,-2
42,231,1.5
43,231,0.5
45,231,2.5
46,231,0.5
56,231,2.5
58,231,2.5
63,231,0.5
64,231,2.0
68,231,1.0
81,231,-2
82,231,1.5
91,231,0.5
94,231,0.5
99,231,2.5
102,231,0.5
107,231,0.5
109,231,0.5
116,231,-0.5
117,231,-1
122,231,2.0
126,231,-2
130,231,1.5
134,231,0.5
135,231,-1
136,231,-1
141,231,0.5
142,231,0.5
144,231,0.5
145,231,0.5
169,231,2.0
174,231,0.5
176,231,1.5
179,231,0.5
182,231,-2.5
187,231,-2
219,231,-1.5
220,231,1.0
222,231,1.0
225,231,2.5
226,231,2.5
230,231,-1
232,231,0.5
234,231,-1
239,231,1.0
240,231,1.5
242,231,0.5
274,231,2.0
276,231,1.5
280,231,0.5
282,231,-2
284,231,1.5
288,231,0.5
292,231,-1
298,231,-0.5
301,231,1.5
305,231,-2
307,231,-0.5
321,231,0.5
327,231,2.5
330,231,1.5
334,231,1.0
347,231,1.5
349,231,-1
353,231,1.5
361,231,1.0
373,231,-2
374,231,1.5
380,231,1.5
381,231,-0.5
387,231,-0.5
395,231,0.5
411,231,-1
414,231,0.5
419,231,0.5
425,231,1.0
428,231,-1
434,231,1.5
436,231,-2
444,231,-2
446,231,-2
448,231,0.5
453,231,2.5
462,231,-0.5
464,231,-0.5
468,231,-1
470,231,0.5
477,231,1.0
480,231,0.5
483,231,0.5
485,231,-2
486,231,0.5
489,231,-0.5
490,231,-1.5
495,231,1.5
498,231,2.5
500,231,-2
509,231,-0.5
510,231,1.0
534,231,0.5
543,231,2.5
553,231,1.0
555,231,1.5
557,231,1.0
565,231,0.5
566,231,-1
569,231,0.5
570,231,-0.5
573,231,2.5
574,231,2.5
580,231,-0.5
584,231,-1
588,231,-1
589,231,1.5
590,231,-1
592,231,0.5
593,231,-0.5
599,231,1.0
600,231,1.0
602,231,-1
606,231,-0.5
608,231,0.5
609,231,0.5
610,231,1.5
1,235,1.5
4,235,-1
8,235,0.5
18,235,2.0
19,235,1.5
35,235,1.5
38,235,1.5
40,235,1.5
57,235,2.5
61,235,1.5
84,235,0.5
91,235,2.0
100,235,-2
109,235,0.5
117,235,0.5
132,235,0.5
136,235,1.5
156,235,1.5
171,235,1.5
177,235,0.5
182,235,2.0
187,235,2.0
191,235,2.5
195,235,2.5
197,235,0.5
202,235,1.5
235,235,1.5
246,235,1.5
260,235,1.5
266,235,1.5
273,235,2.5
275,235,2.5
284,235,0.5
288,235,2.5
289,235,1.5
290,235,1.5
305,235,2.0
307,235,0.5
318,235,1.0
325,235,2.5
330,235,-1.5
372,235,-1
373,235,1.5
385,235,-1
387,235,1.0
390,235,1.5
409,235,2.5
410,235,0.5
411,235,0.5
414,235,1.5
436,235,0.5
444,235,2.5
446,235,0.5
462,235,-0.5
474,235,1.5
480,235,0.5
483,235,-1
513,235,2.0
520,235,1.0
524,235,1.5
552,235,1.5
566,235,-1
587,235,1.5
589,235,1.5
597,235,1.5
599,235,1.0
602,235,1.5
603,235,1.5
604,235,0.5
606,235,1.0
1,260,2.5
4,260,2.5
7,260,2.5
15,260,2.5
16,260,0.5
17,260,2.5
18,260,1.5
19,260,1.5
21,260,2.0
25,260,2.5
27,260,1.5
28,260,1.5
30,260,2.5
32,260,2.5
39,260,2.5
42,260,2.5
44,260,2.5
45,260,2.5
51,260,2.5
52,260,1.5
57,260,2.5
59,260,1.5
62,260,2.0
63,260,2.5
64,260,1.0
66,260,-0.5
68,260,2.5
69,260,2.5
71,260,0.5
72,260,2.5
73,260,-1
75,260,2.5
76,260,1.5
77,260,2.5
78,260,1.0
79,260,2.5
82,260,1.0
84,260,1.5
86,260,2.0
90,260,2.5
91,260,2.0
93,260,2.5
95,260,2.5
96,260,2.5
103,260,1.5
104,260,0.5
105,260,1.5
112,260,2.5
113,260,1.5
114,260,1.0
115,260,2.5
120,260,2.5
122,260,2.5
123,260,2.0
124,260,1.5
128,260,2.5
129,260,1.5
131,260,-0.5
132,260,-1
135,260,1.5
137,260,1.5
139,260,1.5
140,260,1.5
141,260,1.5
149,260,1.5
152,260,0.5
155,260,1.5
156,260,-2
160,260,2.5
166,260,2.0
167,260,1.5
171,260,1.5
177,260,-0.5
180,260,2.0
182,260,1.0
186,260,1.5
187,260,1.5
193,260,2.5
195,260,1.5
198,260,2.5
199,260,1.5
200,260,2.5
201,260,2.5
202,260,1.5
205,260,2.0
210,260,2.5
211,260,2.0
212,260,-0.5
215,260,2.0
217,260,2.5
219,260,2.5
220,260,2.5
223,260,1.0
224,260,-1
226,260,2.0
227,260,1.0
228,260,2.0
231,260,1.5
232,260,2.0
234,260,2.5
239,260,2.5
246,260,2.5
247,260,1.5
248,260,1.0
249,260,2.5
254,260,1.5
256,260,1.5
262,260,1.5
265,260,2.5
266,260,1.5
267,260,2.5
268,260,1.5
274,260,0.5
275,260,1.5
276,260,2.5
277,260,1.5
279,260,2.5
282,260,1.5
288,260,2.5
290,260,2.5
292,260,1.5
294,260,2.5
298,260,1.5
302,260,2.5
303,260,1.0
304,260,2.5
305,260,2.5
307,260,1.0
308,260,-0.5
312,260,2.5
313,260,0.5
314,260,2.5
317,260,1.5
318,260,0.5
323,260,2.0
328,260,2.5
330,260,1.5
334,260,1.5
337,260,2.5
343,260,0.5
344,260,2.5
348,260,2.0
350,260,1.5
352,260,1.5
354,260,1.5
357,260,1.5
361,260,-1
362,260,2.0
363,260,-1
364,260,1.5
365,260,0.5
367,260,2.5
368,260,1.5
369,260,1.0
370,260,-1
372,260,1.5
376,260,1.5
380,260,2.5
381,260,1.0
382,260,2.5
385,260,1.5
387,260,2.0
389,260,2.5
391,260,2.5
399,260,2.5
400,260,2.5
407,260,1.5
408,260,1.5
409,260,1.5
410,260,0.5
414,260,2.5
415,260,1.5
416,260,0.5
422,260,2.5
425,260,0.5
428,260,1.0
432,260,1.0
434,260,2.5
437,260,2.5
438,260,2.5
441,260,2.5
443,260,1.5
445,260,2.5
448,260,2.5
450,260,2.5
452,260,2.5
453,260,1.5
456,260,2.5
457,260,2.5
459,260,1.5
461,260,-2.5
462,260,1.5
464,260,2.5
466,260,-1.5
469,260,1.5
474,260,1.5
475,260,2.5
477,260,2.0
479,260,1.5
480,260,2.0
483,260,2.0
487,260,1.5
492,260,1.5
493,260,2.5
494,260,2.5
497,260,-1
500,260,1.5
509,260,1.5
513,260,2.5
514,260,2.5
515,260,2.5
516,260,2.5
517,260,1.0
522,260,2.5
524,260,2.5
525,260,1.5
527,260,2.5
529,260,2.5
531,260,2.5
534,260,2.0
540,260,2.5
548,260,1.0
549,260,-1
551,260,1.0
555,260,2.5
557,260,0.5
559,260,2.5
560,260,1.5
561,260,2.0
567,260,-1
570,260,1.0
572,260,2.5
573,260,2.5
577,260,2.5
580,260,1.5
582,260,1.5
586,260,2.0
590,260,2.5
591,260,2.5
593,260,2.5
596,260,1.5
597,260,2.5
599,260,2.5
600,260,1.5
602,260,2.5
603,260,1.5
605,260,2.5
606,260,2.0
607,260,0.5
608,260,1.0
610,260,2.5
1,296,0.5
4,296,-2
5,296,2.5
6,296,-1
8,296,1.5
10,296,-2
14,296,0.5
15,296,1.5
16,296,0.5
17,296,2.5
18,296,1.5
21,296,1.0
23,296,1.0
24,296,1.5
26,296,1.5
28,296,2.0
29,296,1.0
32,296,2.5
33,296,2.5
37,296,2.5
38,296,0.5
39,296,2.5
40,296,2.5
41,296,2.5
42,296,2.5
43,296,0.5
45,296,2.5
50,296,1.5
54,296,0.5
56,296,1.5
57,296,0.5
58,296,2.5
62,296,2.0
63,296,2.5
64,296,2.0
66,296,2.5
67,296,2.0
68,296,-1
69,296,2.5
72,296,2.0
74,296,2.5
76,296,2.0
78,296,1.5
81,296,0.5
84,296,1.5
91,296,2.0
94,296,1.5
96,296,2.5
99,296,2.5
100,296,1.0
102,296,2.5
103,296,2.5
105,296,2.5
107,296,0.5
109,296,2.5
110,296,2.0
115,296,2.5
117,296,1.5
118,296,1.5
119,296,1.5
121,296,1.5
122,296,2.5
123,296,1.5
124,296,2.0
125,296,2.0
126,296,-2
130,296,1.5
131,296,1.5
132,296,1.5
133,296,0.5
134,296,1.5
135,296,1.5
136,296,-2
137,296,0.5
140,296,1.5
141,296,1.5
142,296,2.5
144,296,1.5
145,296,1.5
152,296,2.0
153,296,0.5
156,296,2.5
159,296,-2.5
160,296,2.5
162,296,0.5
166,296,2.0
167,296,0.5
168,296,2.0
170,296,-1
171,296,2.5
173,296,-2
174,296,0.5
176,296,0.5
177,296,2.5
178,296,2.0
179,296,1.5
181,296,-1
182,296,2.5
187,296,2.0
191,296,2.5
192,296,0.5
193,296,1.5
195,296,2.5
197,296,2.5
198,296,2.5
199,296,1.5
200,296,2.5
201,296,2.5
202,296,1.5
203,296,2.5
204,296,2.0
210,296,-2.5
211,296,2.0
212,296,1.0
215,296,1.0
217,296,-1
219,296,1.5
220,296,2.5
221,296,2.5
222,296,1.5
223,296,0.5
226,296,2.0
227,296,2.0
229,296,2.5
231,296,1.5
232,296,2.5
233,296,1.5
235,296,1.5
239,296,2.5
240,296,-1
241,296,2.0
242,296,2.5
246,296,1.5
247,296,1.5
249,296,1.5
251,296,2.5
254,296,2.5
260,296,2.0
261,296,2.5
262,296,0.5
263,296,0.5
266,296,2.5
273,296,1.5
274,296,2.5
275,296,2.5
279,296,2.5
282,296,1.5
284,296,1.5
285,296,1.5
286,296,2.5
288,296,2.5
290,296,2.5
292,296,0.5
294,296,1.5
295,296,2.5
296,296,2.0
298,296,2.0
301,296,2.0
302,296,2.5
304,296,2.5
305,296,2.5
307,296,2.0
309,296,1.0
313,296,2.5
314,296,-2
317,296,2.5
318,296,2.0
322,296,2.5
323,296,1.5
325,296,2.5
326,296,1.5
328,296,2.5
330,296,1.5
331,296,2.5
332,296,1.5
334,296,1.5
335,296,2.5
336,296,2.5
338,296,2.0
339,296,-0.5
340,296,1.5
343,296,2.0
346,296,1.0
348,296,2.5
349,296,1.5
351,296,2.0
352,296,2.5
353,296,2.5
354,296,2.0
357,296,2.0
359,296,1.5
362,296,2.5
363,296,2.5
368,296,2.5
370,296,2.5
372,296,1.5
373,296,2.5
374,296,2.5
379,296,-1
380,296,2.5
382,296,2.5
384,296,2.5
385,296,1.5
386,296,2.5
387,296,2.5
391,296,2.5
395,296,0.5
399,296,2.5
400,296,2.5
402,296,2.5
403,296,2.5
404,296,0.5
405,296,2.0
409,296,2.5
410,296,-1
411,296,2.5
413,296,2.5
414,296,2.5
415,296,2.5
416,296,1.5
417,296,2.5
418,296,2.0
419,296,2.5
420,296,1.5
423,296,2.0
424,296,2.0
425,296,1.5
426,296,1.0
427,296,2.0
428,296,2.0
432,296,-0.5
433,296,2.5
434,296,2.5
437,296,2.5
441,296,2.5
443,296,1.5
444,296,2.5
445,296,1.5
446,296,1.5
447,296,2.5
448,296,2.5
453,296,2.5
454,296,1.5
458,296,1.5
462,296,-0.5
463,296,1.5
464,296,2.0
468,296,0.5
469,296,2.5
470,296,0.5
471,296,1.5
474,296,1.5
476,296,0.5
477,296,2.0
480,296,1.5
483,296,2.5
486,296,2.5
489,296,1.5
490,296,1.5
498,296,1.5
503,296,2.5
504,296,1.5
509,296,1.0
512,296,2.5
513,296,2.0
514,296,1.5
522,296,2.5
526,296,1.5
528,296,1.5
540,296,2.5
542,296,1.0
551,296,1.0
552,296,1.5
553,296,2.5
555,296,1.5
558,296,0.5
559,296,0.5
560,296,1.5
561,296,2.0
562,296,2.5
565,296,2.5
566,296,1.5
568,296,2.0
569,296,2.5
573,296,2.5
574,296,0.5
575,296,2.5
580,296,2.5
583,296,1.5
584,296,0.5
585,296,2.5
587,296,2.5
588,296,2.5
589,296,2.5
590,296,2.0
592,296,1.5
599,296,2.5
600,296,2.0
602,296,2.5
603,296,2.5
604,296,2.5
605,296,-1
606,296,2.5
607,296,0.5
608,296,2.5
609,296,1.5
610,296,2.5
1,316,0.5
5,316,-1
6,316,2.5
19,316,-1
24,316,1.0
27,316,1.5
28,316,1.5
29,316,1.5
35,316,0.5
37,316,2.5
40,316,0.5
42,316,-1
43,316,1.5
45,316,1.5
46,316,1.5
51,316,2.0
56,316,0.5
57,316,0.5
64,316,0.5
68,316,1.0
81,316,1.5
91,316,1.5
93,316,2.5
94,316,1.5
99,316,-1
107,316,0.5
117,316,0.5
121,316,0.5
126,316,-2
129,316,2.0
130,316,0.5
134,316,1.5
136,316,-1
145,316,-1
149,316,1.5
160,316,-1
173,316,0.5
174,316,2.5
176,316,1.5
179,316,0.5
181,316,0.5
182,316,-0.5
186,316,1.5
191,316,-2
192,316,1.5
198,316,2.5
217,316,0.5
219,316,-0.5
220,316,-1
226,316,-0.5
239,316,1.5
240,316,1.5
242,316,0.5
244,316,0.5
248,316,1.0
264,316,1.0
265,316,2.5
266,316,0.5
274,316,1.0
284,316,1.5
294,316,0.5
305,316,0.5
312,316,0.5
313,316,1.5
314,316,-1
321,316,1.5
323,316,-0.5
330,316,2.0
332,316,0.5
334,316,0.5
340,316,1.5
344,316,1.0
347,316,0.5
353,316,0.5
355,316,1.5
356,316,1.5
368,316,-1
372,316,2.5
374,316,0.5
379,316,0.5
380,316,2.5
381,316,1.0
386,316,0.5
387,316,1.0
394,316,-1
395,316,0.5
404,316,0.5
408,316,1.0
411,316,1.5
414,316,0.5
425,316,1.0
429,316,0.5
434,316,1.0
436,316,-1
438,316,1.0
446,316,1.5
447,316,0.5
448,316,0.5
452,316,2.5
453,316,0.5
455,316,0.5
458,316,1.5
469,316,0.5
470,316,0.5
474,316,1.0
477,316,0.5
480,316,1.5
482,316,2.5
485,316,0.5
486,316,0.5
489,316,0.5
494,316,0.5
498,316,-1
507,316,0.5
512,316,0.5
520,316,1.5
524,316,0.5
534,316,1.0
541,316,2.5
555,316,1.5
559,316,0.5
560,316,1.5
561,316,2.0
566,316,1.5
569,316,1.5
570,316,1.0
573,316,1.5
574,316,1.5
577,316,-1
580,316,1.5
584,316,0.5
586,316,1.5
588,316,-1
592,316,1.5
594,316,1.5
599,316,0.5
602,316,0.5
604,316,1.5
607,316,0.5
608,316,0.5
1,333,2.5
2,333,1.5
6,333,2.5
19,333,-1
42,333,2.5
45,333,1.5
51,333,-1
56,333,0.5
58,333,2.5
64,333,2.0
68,333,1.5
69,333,2.5
99,333,2.5
117,333,0.5
136,333,2.5
155,333,1.5
169,333,2.0
174,333,1.5
182,333,1.0
203,333,-2
225,333,2.5
226,333,1.5
240,333,2.5
274,333,1.0
276,333,2.5
284,333,1.5
294,333,-2
298,333,0.5
307,333,0.5
335,333,2.0
353,333,2.5
365,333,0.5
381,333,2.0
386,333,0.5
414,333,0.5
435,333,1.0
436,333,0.5
477,333,0.5
484,333,1.5
495,333,1.0
498,333,2.5
520,333,1.5
555,333,2.5
559,333,-1
573,333,2.5
588,333,1.5
590,333,-0.5
592,333,0.5
599,333,-0.5
608,333,1.5
1,349,1.5
5,349,0.5
6,349,2.5
11,349,2.5
26,349,0.5
28,349,0.5
37,349,1.5
42,349,1.5
43,349,0.5
46,349,0.5
56,349,1.5
57,349,1.5
58,349,0.5
84,349,1.5
91,349,0.5
93,349,1.5
99,349,2.5
102,349,1.5
107,349,1.5
109,349,0.5
117,349,0.5
121,349,0.5
126,349,1.5
130,349,-1
133,349,-1
134,349,1.5
135,349,-1
136,349,2.5
140,349,1.5
142,349,0.5
166,349,1.0
174,349,1.5
176,349,1.5
178,349,1.5
179,349,1.5
181,349,1.5
192,349,2.5
199,349,1.0
203,349,1.5
217,349,1.5
220,349,1.5
229,349,1.5
235,349,0.5
239,349,2.0
240,349,0.5
242,349,0.5
244,349,1.5
284,349,0.5
288,349,0.5
292,349,1.5
294,349,-1
297,349,1.5
301,349,1.5
304,349,1.5
314,349,0.5
321,349,0.5
340,349,1.5
349,349,2.5
353,349,1.5
356,349,1.0
368,349,1.5
374,349,0.5
376,349,1.5
379,349,1.5
385,349,0.5
386,349,-1
391,349,0.5
402,349,0.5
404,349,1.5
411,349,0.5
414,349,0.5
429,349,0.5
434,349,1.0
436,349,0.5
446,349,0.5
447,349,1.5
448,349,1.5
455,349,1.5
458,349,2.5
465,349,1.5
468,349,-1
470,349,1.5
474,349,0.5
476,349,0.5
480,349,0.5
485,349,2.5
486,349,1.5
493,349,0.5
498,349,2.5
507,349,0.5
512,349,0.5
517,349,-0.5
524,349,2.5
530,349,1.5
536,349,2.5
541,349,2.5
559,349,0.5
561,349,0.5
566,349,0.5
569,349,1.5
570,349,1.5
577,349,0.5
584,349,2.5
588,349,1.5
590,349,1.0
592,349,1.5
597,349,0.5
599,349,0.5
600,349,-1
602,349,1.5
1,356,1.5
6,356,2.5
7,356,2.5
8,356,0.5
10,356,1.0
11,356,2.5
14,356,1.5
15,356,2.5
16,356,1.0
17,356,2.5
18,356,2.0
19,356,-1
21,356,2.0
22,356,2.5
24,356,2.0
26,356,0.5
27,356,2.5
28,356,1.5
29,356,2.0
33,356,2.5
34,356,1.5
37,356,1.5
38,356,0.5
41,356,-1
42,356,2.5
43,356,2.5
45,356,2.5
47,356,2.0
49,356,1.5
50,356,0.5
52,356,2.5
54,356,1.5
56,356,2.5
57,356,1.5
58,356,1.5
62,356,2.5
63,356,1.0
64,356,1.5
66,356,2.5
67,356,2.0
68,356,1.0
69,356,1.5
70,356,1.5
72,356,1.5
76,356,-2
78,356,0.5
81,356,-1
82,356,2.0
83,356,2.0
84,356,2.5
86,356,1.5
89,356,-2.5
91,356,0.5
93,356,2.5
94,356,0.5
98,356,2.5
100,356,1.5
102,356,2.5
103,356,1.5
104,356,1.5
105,356,1.0
109,356,2.5
111,356,2.5
112,356,1.0
113,356,1.5
116,356,1.5
117,356,1.5
119,356,1.5
121,356,1.5
122,356,2.5
124,356,2.5
125,356,2.5
126,356,1.5
131,356,0.5
132,356,1.5
133,356,1.5
137,356,1.0
140,356,1.5
141,356,1.5
142,356,1.5
143,356,2.5
144,356,1.5
148,356,1.5
153,356,1.0
154,356,2.5
156,356,0.5
159,356,1.5
160,356,0.5
162,356,2.5
166,356,1.5
167,356,0.5
168,356,1.5
169,356,2.0
170,356,1.5
173,356,2.5
174,356,0.5
177,356,2.5
178,356,2.0
179,356,2.5
181,356,2.5
182,356,2.5
187,356,-1
188,356,2.5
189,356,1.5
192,356,2.5
193,356,0.5
197,356,0.5
198,356,2.5
199,356,-1
200,356,1.5
201,356,2.5
202,356,2.5
205,356,1.5
209,356,2.0
211,356,2.0
212,356,1.0
215,356,1.0
217,356,-1
220,356,2.5
221,356,1.0
222,356,1.5
224,356,2.5
226,356,1.5
227,356,2.5
229,356,1.5
232,356,1.5
233,356,2.5
235,356,2.5
237,356,-1
239,356,2.5
240,356,2.5
243,356,1.5
244,356,2.5
246,356,1.0
247,356,2.5
249,356,2.0
251,356,2.5
254,356,2.5
261,356,2.5
263,356,1.5
264,356,1.0
266,356,1.5
268,356,-1
274,356,2.0
275,356,0.5
276,356,2.5
279,356,0.5
280,356,1.5
282,356,2.0
283,356,2.5
284,356,2.5
286,356,2.0
288,356,2.5
292,356,2.0
294,356,2.5
296,356,2.5
298,356,0.5
300,356,1.5
301,356,1.5
304,356,2.5
305,356,2.0
307,356,1.5
308,356,-0.5
312,356,1.5
314,356,1.5
317,356,2.5
318,356,2.0
319,356,1.5
321,356,2.5
322,356,1.0
323,356,1.0
325,356,-1
326,356,2.5
327,356,2.5
328,356,0.5
330,356,2.5
332,356,2.0
334,356,1.5
335,356,1.5
336,356,2.0
339,356,1.5
340,356,0.5
341,356,1.0
344,356,2.5
347,356,1.5
349,356,2.5
351,356,2.0
352,356,2.5
354,356,2.0
356,356,1.5
357,356,1.0
361,356,1.0
362,356,2.0
365,356,2.0
367,356,2.5
368,356,1.5
372,356,0.5
373,356,1.5
374,356,1.5
375,356,2.0
376,356,1.0
379,356,2.5
380,356,2.5
381,356,1.5
382,356,2.0
385,356,1.5
387,356,1.5
391,356,2.5
394,356,1.5
395,356,0.5
399,356,2.5
400,356,2.0
401,356,1.0
404,356,1.5
411,356,2.5
414,356,2.5
415,356,2.5
416,356,-0.5
417,356,1.5
418,356,1.5
419,356,2.0
420,356,1.5
423,356,2.5
425,356,2.5
426,356,2.5
428,356,0.5
430,356,0.5
432,356,2.0
434,356,2.0
436,356,1.5
437,356,0.5
438,356,1.5
439,356,2.5
443,356,2.5
444,356,2.5
445,356,0.5
446,356,0.5
447,356,1.5
448,356,0.5
452,356,2.5
453,356,2.5
455,356,2.5
458,356,2.5
460,356,2.0
461,356,2.5
462,356,-0.5
463,356,1.5
464,356,2.5
465,356,2.5
466,356,2.5
470,356,2.5
471,356,0.5
474,356,0.5
476,356,2.5
477,356,2.5
480,356,2.5
483,356,2.5
484,356,2.5
485,356,2.5
486,356,2.5
489,356,1.5
490,356,1.0
491,356,2.0
495,356,1.5
498,356,2.5
500,356,1.5
503,356,1.5
507,356,1.5
511,356,2.0
512,356,2.5
514,356,1.5
515,356,2.5
517,356,1.0
519,356,2.5
520,356,1.0
522,356,1.0
523,356,2.0
525,356,1.5
528,356,2.5
530,356,2.5
533,356,2.5
534,356,2.0
536,356,2.5
541,356,2.5
542,356,2.5
543,356,0.5
548,356,2.5
550,356,1.5
551,356,2.0
552,356,1.5
555,356,2.5
559,356,1.5
560,356,1.0
561,356,1.5
562,356,2.5
563,356,1.5
564,356,0.5
565,356,1.5
566,356,2.5
567,356,0.5
568,356,2.5
569,356,0.5
570,356,1.5
572,356,1.5
573,356,2.0
577,356,2.5
579,356,2.5
580,356,1.5
581,356,2.0
583,356,1.5
584,356,2.5
587,356,1.5
588,356,0.5
589,356,2.5
590,356,2.5
591,356,1.5
592,356,2.5
593,356,1.5
596,356,1.0
597,356,2.5
599,356,1.0
600,356,1.5
602,356,0.5
603,356,0.5
605,356,0.5
606,356,1.5
608,356,0.5
609,356,1.5
610,356,0.5
1,362,2.5
6,362,0.5
19,362,-1
20,362,1.5
40,362,1.5
43,362,2.5
45,362,2.5
58,362,2.5
60,362,1.5
93,362,1.5
117,362,1.5
140,362,1.5
177,362,1.5
226,362,1.0
228,362,-1
240,362,0.5
274,362,-0.5
281,362,-1
288,362,0.5
295,362,2.0
308,362,1.5
318,362,1.5
373,362,-2
436,362,0.5
442,362,-0.5
447,362,2.5
476,362,2.5
483,362,-0.5
517,362,1.0
541,362,2.5
559,362,0.5
600,362,-0.5
602,362,0.5
606,362,-0.5
1,367,1.5
5,367,1.5
6,367,1.5
8,367,0.5
14,367,-2
18,367,-0.5
19,367,1.5
21,367,0.5
27,367,1.5
38,367,-1
40,367,1.5
43,367,2.5
45,367,1.5
46,367,1.5
56,367,0.5
57,367,0.5
58,367,1.5
59,367,1.5
63,367,1.5
64,367,1.0
68,367,0.5
81,367,-2
82,367,1.0
91,367,1.0
93,367,2.5
94,367,0.5
96,367,2.5
103,367,1.0
104,367,0.5
109,367,0.5
116,367,2.5
117,367,0.5
126,367,2.5
133,367,0.5
134,367,0.5
135,367,1.5
136,367,1.5
141,367,-0.5
142,367,1.5
156,367,0.5
160,367,2.5
166,367,1.0
171,367,0.5
177,367,0.5
179,367,0.5
181,367,0.5
200,367,1.0
217,367,0.5
219,367,0.5
222,367,0.5
223,367,-1.5
226,367,0.5
229,367,0.5
230,367,0.5
233,367,1.0
239,367,1.0
240,367,1.5
249,367,1.5
262,367,0.5
264,367,1.5
266,367,0.5
273,367,1.5
274,367,1.5
280,367,-0.5
284,367,2.5
288,367,-1
292,367,-0.5
294,367,1.5
298,367,-0.5
307,367,-1.5
313,367,-1
314,367,0.5
316,367,-0.5
321,367,1.5
323,367,0.5
330,367,-2
332,367,1.5
349,367,1.5
353,367,0.5
355,367,0.5
362,367,1.5
368,367,0.5
370,367,1.0
373,367,-2
379,367,-1
380,367,2.5
381,367,-2
385,367,0.5
386,367,-2
387,367,0.5
394,367,0.5
395,367,1.5
404,367,0.5
411,367,-1
414,367,1.5
418,367,-2.5
424,367,0.5
425,367,-0.5
432,367,-0.5
434,367,-1
436,367,0.5
438,367,0.5
444,367,1.5
446,367,0.5
447,367,1.5
448,367,0.5
453,367,2.5
455,367,0.5
458,367,0.5
464,367,-0.5
469,367,-1
470,367,1.5
474,367,-2
475,367,2.5
477,367,-2
480,367,1.5
483,367,0.5
484,367,0.5
489,367,-1.5
490,367,-1
491,367,2.0
494,367,-1
509,367,1.0
512,367,0.5
517,367,0.5
522,367,1.5
523,367,2.0
524,367,2.5
525,367,1.0
534,367,1.5
537,367,1.5
541,367,-1
555,367,0.5
558,367,0.5
559,367,0.5
560,367,1.5
561,367,-1
565,367,0.5
566,367,1.5
570,367,-2
573,367,0.5
579,367,1.5
580,367,1.0
584,367,0.5
588,367,-2
590,367,0.5
592,367,1.5
594,367,1.5
596,367,0.5
599,367,0.5
600,367,0.5
602,367,2.5
604,367,0.5
605,367,1.5
606,367,0.5
608,367,-1
610,367,1.0
1,441,1.5
4,441,-2
45,441,0.5
68,441,2.0
100,441,1.5
141,441,0.5
165,441,0.5
182,441,1.5
198,441,1.5
200,441,2.5
216,441,0.5
219,441,-1
225,441,0.5
226,441,2.0
266,441,0.5
274,441,1.5
275,441,1.5
280,441,2.0
285,441,2.5
287,441,2.0
294,441,2.5
298,441,1.0
307,441,0.5
318,441,2.0
356,441,2.0
357,441,2.5
387,441,1.0
414,441,1.5
425,441,1.0
469,441,2.5
477,441,1.5
480,441,2.5
484,441,2.5
503,441,1.0
505,441,-0.5
555,441,1.5
585,441,1.0
597,441,2.5
599,441,1.0
603,441,2.5
608,441,2.0
610,441,2.5
1,457,2.5
4,457,2.5
5,457,1.5
6,457,2.5
8,457,0.5
11,457,2.5
18,457,1.0
19,457,1.5
24,457,1.0
26,457,1.5
28,457,0.5
33,457,2.5
37,457,1.5
38,457,2.5
39,457,1.5
40,457,0.5
42,457,1.5
43,457,2.5
45,457,1.5
46,457,2.5
54,457,0.5
56,457,1.5
57,457,2.5
58,457,2.5
66,457,0.5
68,457,2.0
72,457,2.0
79,457,1.5
81,457,1.5
84,457,1.5
86,457,1.5
91,457,1.5
94,457,1.5
102,457,1.5
109,457,1.5
115,457,1.5
116,457,0.5
117,457,1.5
121,457,0.5
126,457,2.5
133,457,1.5
135,457,1.5
136,457,2.5
140,457,1.5
142,457,1.5
156,457,1.0
160,457,-1
166,457,1.0
169,457,1.5
170,457,0.5
174,457,2.5
176,457,2.5
178,457,2.5
179,457,1.5
181,457,1.5
182,457,1.0
183,457,2.5
196,457,1.0
199,457,1.5
202,457,0.5
208,457,0.5
217,457,1.5
219,457,2.0
223,457,0.5
227,457,1.5
229,457,2.5
235,457,1.5
239,457,1.5
240,457,0.5
242,457,2.5
244,457,2.5
249,457,2.0
254,457,1.5
262,457,-1
263,457,1.5
266,457,1.5
273,457,1.5
274,457,1.0
284,457,1.5
288,457,0.5
290,457,1.5
292,457,1.5
297,457,1.5
301,457,1.5
302,457,1.5
304,457,2.5
305,457,1.5
307,457,0.5
308,457,0.5
312,457,1.5
313,457,-1
314,457,0.5
317,457,0.5
321,457,0.5
323,457,1.0
328,457,-0.5
330,457,-0.5
339,457,1.5
340,457,2.5
347,457,1.5
353,457,2.5
354,457,1.0
356,457,2.0
368,457,0.5
372,457,2.5
373,457,0.5
374,457,0.5
376,457,1.5
379,457,2.5
380,457,1.5
381,457,1.5
384,457,1.5
385,457,1.5
386,457,0.5
391,457,1.5
393,457,2.5
394,457,1.5
402,457,1.5
404,457,1.5
411,457,1.5
412,457,1.5
413,457,2.5
414,457,2.5
415,457,1.0
423,457,2.0
425,457,1.0
436,457,2.5
438,457,1.5
445,457,1.5
446,457,0.5
447,457,1.5
448,457,1.5
451,457,1.5
453,457,2.5
455,457,1.5
458,457,2.5
461,457,-2.5
465,457,1.5
469,457,0.5
470,457,1.5
474,457,2.5
476,457,2.5
477,457,2.5
480,457,1.0
483,457,-0.5
485,457,1.5
486,457,2.5
488,457,1.5
493,457,1.5
498,457,2.5
507,457,1.5
510,457,2.0
512,457,2.5
513,457,2.0
514,457,1.5
516,457,1.5
517,457,-0.5
524,457,2.5
525,457,1.0
528,457,1.5
530,457,2.5
532,457,2.5
536,457,0.5
541,457,2.5
555,457,1.5
559,457,0.5
561,457,1.5
565,457,1.5
566,457,1.5
570,457,1.5
572,457,2.5
573,457,2.0
577,457,1.5
580,457,0.5
584,457,1.5
586,457,2.0
588,457,2.5
590,457,1.5
592,457,2.5
594,457,2.0
596,457,1.0
597,457,2.5
599,457,0.5
600,457,0.5
602,457,2.5
603,457,0.5
607,457,2.5
608,457,0.5
609,457,1.5
610,457,2.0
1,480,1.5
6,480,2.5
7,480,2.5
8,480,1.5
11,480,1.5
14,480,0.5
17,480,2.0
18,480,1.0
19,480,-1
21,480,1.5
27,480,1.5
28,480,-0.5
38,480,0.5
43,480,1.5
45,480,1.5
54,480,0.5
56,480,2.5
57,480,2.5
58,480,1.5
59,480,0.5
63,480,-0.5
64,480,1.5
66,480,0.5
68,480,1.0
76,480,-1
78,480,1.5
79,480,2.5
81,480,1.5
82,480,1.5
83,480,0.5
84,480,0.5
86,480,0.5
91,480,2.0
93,480,2.5
94,480,1.5
95,480,1.0
96,480,2.5
102,480,0.5
103,480,1.5
108,480,1.5
109,480,0.5
111,480,-0.5
112,480,2.5
115,480,2.5
116,480,1.5
117,480,1.5
122,480,1.5
124,480,1.0
126,480,0.5
129,480,1.0
133,480,0.5
135,480,2.5
137,480,1.0
140,480,1.5
141,480,0.5
142,480,0.5
144,480,0.5
149,480,0.5
156,480,0.5
159,480,0.5
160,480,-1
164,480,2.5
165,480,1.5
167,480,1.0
169,480,1.5
170,480,0.5
173,480,1.5
174,480,2.5
177,480,1.0
178,480,0.5
179,480,1.5
181,480,2.5
182,480,1.0
183,480,1.5
186,480,1.5
192,480,2.5
193,480,-1
198,480,0.5
200,480,1.0
201,480,2.5
202,480,1.5
212,480,0.5
217,480,1.5
219,480,1.5
220,480,2.5
221,480,0.5
223,480,1.0
226,480,1.5
229,480,0.5
232,480,0.5
234,480,2.5
235,480,1.5
239,480,1.5
240,480,1.5
247,480,2.0
249,480,1.5
254,480,1.5
264,480,-1
265,480,1.5
266,480,1.5
267,480,2.5
273,480,1.5
274,480,1.0
275,480,1.5
276,480,2.5
279,480,1.5
282,480,1.5
284,480,2.5
288,480,-1
292,480,1.5
298,480,1.5
301,480,0.5
302,480,2.5
303,480,1.0
304,480,1.5
305,480,-1
307,480,1.0
312,480,0.5
313,480,0.5
314,480,0.5
318,480,1.5
321,480,1.5
322,480,1.0
323,480,1.0
328,480,-1
330,480,-1
332,480,1.0
334,480,0.5
339,480,1.5
340,480,2.5
341,480,-1
346,480,-0.5
347,480,1.5
349,480,0.5
351,480,1.5
354,480,1.5
355,480,0.5
357,480,1.5
359,480,1.5
368,480,1.5
373,480,1.5
374,480,1.5
376,480,1.5
379,480,1.5
380,480,2.5
381,480,1.5
384,480,1.5
385,480,1.5
386,480,-1
387,480,0.5
391,480,-1
394,480,0.5
395,480,1.5
399,480,0.5
402,480,1.5
404,480,1.5
411,480,2.5
414,480,1.5
415,480,1.5
419,480,1.0
420,480,1.0
423,480,2.5
425,480,1.0
426,480,1.5
428,480,-1
432,480,2.0
434,480,2.5
436,480,0.5
438,480,1.5
444,480,0.5
446,480,1.5
447,480,1.5
448,480,0.5
452,480,1.5
453,480,1.5
455,480,0.5
457,480,-1
458,480,2.5
461,480,-2.5
464,480,1.5
469,480,0.5
470,480,2.5
474,480,2.0
476,480,1.5
477,480,1.5
480,480,2.5
483,480,1.5
484,480,1.5
486,480,2.5
489,480,1.0
494,480,0.5
498,480,1.5
500,480,1.5
503,480,1.0
507,480,1.5
510,480,0.5
512,480,1.5
514,480,2.0
516,480,1.5
517,480,-2
522,480,1.0
524,480,1.5
525,480,1.5
527,480,2.5
530,480,1.5
531,480,1.5
532,480,1.5
534,480,2.0
536,480,1.5
541,480,2.5
546,480,1.5
555,480,1.5
559,480,2.5
561,480,2.0
566,480,1.5
567,480,-1
568,480,0.5
569,480,1.5
572,480,1.5
573,480,2.5
577,480,2.5
579,480,1.5
580,480,1.5
584,480,2.5
588,480,0.5
590,480,1.5
592,480,2.5
594,480,2.5
597,480,2.5
599,480,1.5
600,480,0.5
602,480,1.5
605,480,0.5
606,480,-0.5
607,480,1.5
608,480,0.5
609,480,0.5
610,480,2.5
1,500,0.5
6,500,2.5
8,500,-1
18,500,1.0
19,500,-1
21,500,-0.5
38,500,0.5
43,500,2.5
45,500,1.5
47,500,-2
54,500,0.5
57,500,0.5
58,500,0.5
63,500,0.5
64,500,1.0
68,500,0.5
84,500,1.5
91,500,-0.5
94,500,0.5
102,500,1.5
104,500,0.5
109,500,0.5
111,500,1.5
116,500,0.5
117,500,1.5
126,500,1.5
132,500,-0.5
140,500,1.5
141,500,0.5
143,500,0.5
144,500,0.5
153,500,-1
156,500,-1
169,500,2.5
170,500,1.5
171,500,1.5
173,500,1.5
177,500,2.5
179,500,1.5
181,500,0.5
186,500,1.5
187,500,-1.5
200,500,0.5
217,500,0.5
219,500,-1
226,500,1.0
229,500,1.5
232,500,1.5
235,500,1.5
240,500,2.5
248,500,0.5
249,500,1.0
252,500,2.0
263,500,1.5
273,500,1.5
274,500,0.5
280,500,1.0
282,500,1.5
283,500,0.5
284,500,2.5
286,500,1.0
288,500,0.5
292,500,1.5
294,500,0.5
301,500,1.0
304,500,-2
305,500,0.5
307,500,-1
314,500,0.5
318,500,1.0
321,500,1.5
322,500,0.5
323,500,1.0
330,500,1.0
347,500,0.5
349,500,0.5
356,500,1.5
357,500,1.0
361,500,0.5
367,500,2.5
369,500,0.5
373,500,-1
375,500,0.5
379,500,0.5
380,500,1.5
381,500,1.5
385,500,0.5
387,500,-0.5
391,500,1.5
395,500,0.5
402,500,2.5
404,500,1.5
411,500,1.5
414,500,0.5
418,500,1.0
424,500,-0.5
425,500,0.5
426,500,2.5
428,500,-2
432,500,1.0
434,500,-1
436,500,1.5
438,500,1.0
444,500,0.5
446,500,0.5
447,500,0.5
448,500,1.5
455,500,0.5
458,500,0.5
462,500,-2.5
470,500,1.5
474,500,-0.5
476,500,0.5
477,500,1.0
480,500,1.5
483,500,1.0
484,500,1.0
489,500,1.0
503,500,1.0
512,500,0.5
517,500,2.5
525,500,1.0
530,500,0.5
534,500,2.0
536,500,-1
542,500,1.0
555,500,1.5
559,500,0.5
560,500,1.0
564,500,1.5
566,500,1.5
573,500,2.5
579,500,2.5
584,500,2.5
587,500,2.5
590,500,-0.5
592,500,2.5
593,500,-0.5
597,500,1.5
599,500,0.5
600,500,1.5
602,500,1.5
606,500,0.5
608,500,-1
1,527,2.5
3,527,-2.5
5,527,2.5
6,527,0.5
8,527,2.5
14,527,0.5
15,527,2.5
16,527,1.5
17,527,2.0
18,527,2.0
25,527,2.5
28,527,0.5
32,527,1.5
33,527,2.5
38,527,2.5
42,527,1.5
49,527,2.0
51,527,0.5
57,527,2.5
58,527,2.5
59,527,2.5
60,527,2.5
62,527,2.0
63,527,1.5
64,527,2.5
65,527,1.5
68,527,1.5
70,527,2.5
72,527,2.0
84,527,2.5
85,527,2.5
88,527,1.5
93,527,2.5
96,527,2.5
103,527,1.0
104,527,2.0
105,527,1.0
109,527,0.5
110,527,1.5
116,527,-1
117,527,2.5
118,527,1.5
121,527,0.5
133,527,1.5
135,527,2.5
137,527,1.0
140,527,2.5
142,527,2.5
144,527,1.0
152,527,2.0
153,527,-1
157,527,2.5
160,527,2.5
162,527,2.5
166,527,2.0
169,527,2.5
172,527,2.0
173,527,2.5
174,527,0.5
177,527,2.0
178,527,2.0
182,527,1.5
187,527,1.5
189,527,2.0
190,527,2.5
193,527,1.5
195,527,1.5
199,527,2.5
204,527,2.0
215,527,2.0
221,527,0.5
222,527,0.5
224,527,2.5
227,527,1.5
229,527,1.5
230,527,-2
231,527,-1
232,527,2.0
233,527,1.5
235,527,2.5
241,527,1.0
243,527,0.5
247,527,1.5
249,527,2.0
251,527,2.5
254,527,2.5
258,527,1.5
263,527,2.5
264,527,1.5
274,527,1.5
275,527,2.5
278,527,2.5
282,527,2.5
286,527,1.5
287,527,1.5
288,527,2.5
290,527,2.5
296,527,2.0
300,527,2.5
301,527,2.0
304,527,2.5
305,527,2.5
307,527,2.0
308,527,-2
309,527,1.5
312,527,2.5
314,527,2.5
318,527,1.5
319,527,2.5
323,527,2.0
326,527,2.0
328,527,2.5
332,527,1.5
336,527,1.5
338,527,2.5
339,527,2.5
343,527,2.5
346,527,1.0
348,527,2.5
349,527,1.5
352,527,2.5
354,527,1.5
357,527,2.5
359,527,2.0
361,527,-0.5
367,527,0.5
368,527,2.5
372,527,2.5
373,527,2.5
376,527,2.0
378,527,2.0
379,527,0.5
382,527,2.5
390,527,2.0
391,527,2.5
395,527,-1
399,527,1.5
402,527,1.5
404,527,1.5
410,527,1.5
411,527,2.5
413,527,2.5
414,527,1.5
416,527,1.0
418,527,2.0
419,527,2.5
420,527,2.0
421,527,2.5
425,527,1.5
432,527,2.0
433,527,-0.5
434,527,2.5
436,527,2.5
437,527,2.5
438,527,2.0
439,527,2.0
441,527,-2.5
444,527,2.5
445,527,0.5
446,527,2.5
449,527,1.5
452,527,2.5
453,527,0.5
455,527,2.5
461,527,1.0
462,527,-1.5
463,527,1.5
464,527,2.0
465,527,2.5
467,527,2.5
469,527,1.5
470,527,2.5
471,527,2.0
474,527,2.5
477,527,2.0
480,527,2.5
483,527,2.5
488,527,2.5
495,527,1.5
503,527,1.5
510,527,1.0
511,527,2.5
512,527,2.5
515,527,2.5
517,527,1.0
523,527,2.0
525,527,1.5
527,527,-2
532,527,2.5
536,527,2.5
537,527,-2
539,527,1.0
549,527,-2
552,527,1.5
554,527,2.5
557,527,1.5
561,527,1.5
562,527,2.0
565,527,2.5
566,527,2.5
570,527,2.0
572,527,2.5
577,527,2.5
579,527,2.5
580,527,0.5
581,527,2.5
586,527,-0.5
588,527,1.5
589,527,2.5
590,527,2.5
593,527,1.0
596,527,1.5
600,527,0.5
601,527,2.5
602,527,2.5
603,527,0.5
606,527,2.5
607,527,2.5
608,527,1.5
610,527,1.0
1,543,1.5
6,543,0.5
12,543,1.0
19,543,0.5
45,543,2.5
58,543,2.5
64,543,1.0
91,543,1.0
109,543,0.5
113,543,-1
124,543,0.5
147,543,-0.5
168,543,-1
182,543,1.0
199,543,0.5
201,543,2.5
226,543,1.5
240,543,0.5
274,543,-0.5
294,543,-1
297,543,-1
307,543,0.5
316,543,-1.5
356,543,2.5
387,543,1.5
391,543,1.5
414,543,1.5
424,543,1.0
428,543,-2.5
431,543,1.0
448,543,1.5
453,543,1.5
469,543,1.5
474,543,2.0
500,543,1.5
555,543,2.5
559,543,-1
597,543,0.5
599,543,-0.5
600,543,-0.5
608,543,1.0
1,552,1.5
6,552,0.5
14,552,0.5
24,552,1.0
36,552,-1
38,552,0.5
42,552,1.5
43,552,2.5
45,552,1.5
57,552,-1
58,552,0.5
59,552,0.5
68,552,0.5
91,552,0.5
93,552,2.5
102,552,0.5
117,552,1.5
136,552,0.5
144,552,1.5
147,552,2.0
177,552,0.5
194,552,1.0
234,552,0.5
240,552,0.5
262,552,1.5
273,552,0.5
284,552,0.5
294,552,-1
304,552,1.5
314,552,-1
336,552,0.5
353,552,-1
368,552,-1
385,552,0.5
395,552,1.5
414,552,0.5
425,552,0.5
431,552,-0.5
438,552,1.5
447,552,2.5
448,552,0.5
452,552,2.5
453,552,1.5
458,552,1.5
463,552,1.0
469,552,-1
474,552,0.5
480,552,-0.5
483,552,1.0
488,552,-0.5
489,552,0.5
524,552,1.5
541,552,0.5
559,552,0.5
566,552,1.5
590,552,0.5
594,552,2.5
599,552,-1
600,552,1.0
606,552,0.5
608,552,-1.5
1,553,2.5
4,553,-1
6,553,2.5
14,553,1.5
28,553,0.5
32,553,0.5
40,553,2.5
42,553,2.5
43,553,1.5
57,553,1.5
64,553,1.5
68,553,0.5
69,553,2.5
76,553,1.0
91,553,1.0
100,553,2.0
102,553,1.5
109,553,2.5
115,553,2.5
117,553,1.5
134,553,1.5
136,553,0.5
140,553,1.5
170,553,1.5
174,553,2.5
176,553,2.5
181,553,-1
195,553,1.5
221,553,0.5
234,553,2.5
240,553,2.5
274,553,2.0
288,553,0.5
307,553,2.0
314,553,0.5
330,553,2.5
334,553,1.0
337,553,0.5
353,553,1.5
356,553,2.0
357,553,2.5
372,553,1.5
385,553,1.5
394,553,1.5
404,553,0.5
411,553,2.5
414,553,1.5
429,553,0.5
447,553,1.5
448,553,1.0
480,553,1.5
510,553,-2
512,553,0.5
524,553,1.5
541,553,1.5
552,553,-1.5
566,553,-2
586,553,2.0
590,553,1.5
592,553,2.5
599,553,-0.5
602,553,-1
604,553,1.5
607,553,1.5
608,553,1.0
1,590,1.5
5,590,2.5
6,590,2.5
8,590,2.5
14,590,1.5
17,590,2.0
18,590,1.5
27,590,1.5
28,590,1.5
35,590,2.5
37,590,1.5
38,590,1.5
40,590,1.5
42,590,1.5
43,590,1.5
45,590,1.5
46,590,2.5
47,590,1.0
54,590,0.5
57,590,0.5
58,590,0.5
64,590,2.5
66,590,2.0
68,590,1.5
72,590,1.5
78,590,-1
82,590,1.0
84,590,1.5
86,590,1.5
91,590,1.0
93,590,2.5
94,590,1.5
100,590,1.5
102,590,1.5
103,590,1.5
107,590,2.5
109,590,0.5
115,590,0.5
116,590,2.0
117,590,1.5
118,590,1.5
121,590,1.5
126,590,1.5
130,590,0.5
133,590,-1
134,590,2.5
136,590,0.5
137,590,1.0
140,590,2.5
142,590,1.5
144,590,2.5
145,590,1.5
156,590,1.0
162,590,1.5
170,590,1.5
172,590,1.0
174,590,1.5
176,590,1.5
178,590,2.0
179,590,1.5
181,590,0.5
182,590,2.0
187,590,-2
192,590,1.5
200,590,1.0
202,590,1.5
203,590,2.5
217,590,1.5
220,590,2.5
221,590,1.0
223,590,0.5
226,590,-1
229,590,0.5
230,590,-0.5
234,590,1.5
235,590,1.5
239,590,1.5
240,590,1.5
242,590,0.5
254,590,1.5
265,590,0.5
273,590,-1
274,590,1.5
284,590,1.5
288,590,2.5
292,590,0.5
294,590,0.5
304,590,2.5
305,590,2.0
307,590,0.5
314,590,-1
318,590,1.0
330,590,1.5
332,590,2.0
340,590,2.5
347,590,0.5
348,590,1.5
349,590,1.5
352,590,2.5
353,590,1.5
357,590,1.0
359,590,1.5
372,590,0.5
373,590,1.5
374,590,0.5
376,590,1.0
379,590,2.5
385,590,0.5
386,590,-1
387,590,0.5
390,590,1.0
394,590,-1
395,590,0.5
404,590,1.5
411,590,2.5
414,590,1.5
425,590,1.5
428,590,-1
429,590,2.5
432,590,2.0
437,590,2.5
438,590,0.5
445,590,1.0
446,590,1.5
447,590,0.5
448,590,0.5
455,590,1.5
458,590,-1
464,590,2.5
468,590,2.5
469,590,1.5
470,590,1.5
474,590,1.0
476,590,2.5
480,590,2.5
485,590,2.5
489,590,1.5
498,590,0.5
507,590,0.5
512,590,0.5
527,590,2.5
530,590,2.5
531,590,0.5
536,590,0.5
541,590,2.5
562,590,-0.5
565,590,2.5
566,590,1.5
569,590,1.5
572,590,2.5
577,590,2.5
580,590,1.5
584,590,2.5
587,590,2.5
588,590,0.5
589,590,2.5
590,590,0.5
592,590,1.5
602,590,0.5
603,590,0.5
605,590,0.5
606,590,1.5
608,590,0.5
609,590,1.5
1,592,1.5
5,592,0.5
6,592,0.5
7,592,0.5
8,592,0.5
14,592,-1
17,592,2.0
19,592,2.5
21,592,1.0
26,592,1.5
28,592,-0.5
32,592,2.5
35,592,1.5
37,592,0.5
38,592,1.5
39,592,1.5
40,592,1.5
42,592,0.5
43,592,2.5
46,592,0.5
54,592,0.5
56,592,0.5
57,592,1.5
58,592,0.5
63,592,1.5
66,592,1.5
68,592,1.5
75,592,1.0
81,592,0.5
82,592,1.0
84,592,0.5
91,592,2.5
94,592,0.5
99,592,1.5
100,592,1.5
102,592,0.5
104,592,0.5
109,592,1.5
115,592,2.5
117,592,0.5
121,592,0.5
122,592,2.0
126,592,0.5
130,592,0.5
132,592,-1
133,592,0.5
134,592,0.5
135,592,2.5
136,592,1.5
142,592,0.5
144,592,1.0
145,592,0.5
155,592,0.5
160,592,1.5
162,592,1.5
164,592,0.5
165,592,1.5
166,592,1.0
167,592,0.5
170,592,0.5
171,592,2.5
173,592,0.5
174,592,2.5
176,592,0.5
177,592,0.5
179,592,0.5
181,592,-1
182,592,1.0
183,592,0.5
186,592,1.5
197,592,2.5
198,592,0.5
199,592,0.5
201,592,0.5
202,592,0.5
217,592,-1
219,592,1.0
229,592,0.5
230,592,0.5
234,592,1.5
235,592,0.5
240,592,0.5
242,592,0.5
243,592,0.5
254,592,-0.5
265,592,0.5
266,592,1.5
273,592,0.5
274,592,0.5
282,592,1.0
284,592,2.5
288,592,0.5
292,592,1.0
294,592,0.5
298,592,1.0
305,592,-0.5
307,592,1.5
313,592,2.5
314,592,0.5
321,592,1.5
328,592,-1
330,592,1.5
335,592,2.5
339,592,-0.5
340,592,2.5
347,592,0.5
353,592,1.5
354,592,1.5
357,592,0.5
362,592,2.0
368,592,0.5
370,592,1.5
371,592,1.5
372,592,0.5
373,592,0.5
374,592,0.5
379,592,0.5
380,592,0.5
385,592,0.5
386,592,-2
387,592,1.5
391,592,1.5
394,592,0.5
395,592,0.5
411,592,0.5
414,592,1.5
425,592,1.0
428,592,0.5
429,592,2.5
436,592,0.5
437,592,0.5
438,592,1.5
444,592,0.5
446,592,0.5
447,592,0.5
448,592,0.5
452,592,2.5
455,592,0.5
458,592,0.5
462,592,0.5
468,592,0.5
469,592,0.5
470,592,0.5
474,592,1.5
475,592,2.5
476,592,1.5
480,592,2.0
482,592,1.5
483,592,1.0
485,592,0.5
486,592,1.5
489,592,1.5
493,592,1.5
498,592,0.5
514,592,-0.5
517,592,0.5
524,592,0.5
530,592,1.5
534,592,1.5
536,592,-1
541,592,0.5
555,592,0.5
559,592,0.5
561,592,2.0
565,592,-1
566,592,0.5
569,592,0.5
573,592,2.0
574,592,0.5
577,592,-1
580,592,0.5
584,592,0.5
588,592,-1
590,592,1.0
592,592,2.5
594,592,2.0
596,592,1.0
597,592,1.5
599,592,1.0
600,592,-0.5
602,592,1.5
603,592,-1
604,592,1.5
605,592,0.5
606,592,1.0
607,592,0.5
608,592,0.5
609,592,0.5
610,592,2.0
1,593,1.5
4,593,2.5
6,593,1.5
7,593,2.5
8,593,1.5
11,593,2.5
14,593,1.5
16,593,0.5
17,593,2.0
18,593,2.0
24,593,2.0
26,593,1.5
28,593,-0.5
32,593,2.5
33,593,2.5
37,593,2.5
38,593,0.5
39,593,2.5
41,593,1.5
42,593,2.5
45,593,1.5
46,593,2.5
47,593,-1
50,593,1.0
51,593,2.5
54,593,1.5
56,593,2.5
57,593,2.5
59,593,2.5
61,593,1.5
62,593,2.5
64,593,2.5
66,593,1.5
68,593,1.0
69,593,2.5
72,593,2.0
76,593,1.0
78,593,0.5
80,593,2.5
84,593,2.5
91,593,2.0
93,593,2.5
94,593,0.5
97,593,2.5
98,593,2.0
102,593,1.5
103,593,2.5
105,593,2.0
109,593,1.5
111,593,-2.5
112,593,1.5
113,593,1.5
114,593,0.5
115,593,2.5
116,593,-1
117,593,2.5
122,593,2.5
123,593,1.5
124,593,1.5
125,593,1.5
126,593,0.5
128,593,2.5
131,593,1.5
132,593,1.0
133,593,0.5
134,593,2.5
135,593,2.5
136,593,0.5
137,593,1.5
140,593,1.5
142,593,2.5
144,593,2.0
152,593,2.0
156,593,1.5
160,593,-1
166,593,1.5
167,593,-0.5
170,593,1.5
171,593,2.5
172,593,1.5
176,593,2.5
177,593,2.5
178,593,2.0
179,593,1.5
181,593,0.5
182,593,2.0
186,593,2.5
187,593,1.5
189,593,1.5
192,593,0.5
193,593,1.0
198,593,1.5
199,593,1.5
201,593,2.5
202,593,2.5
204,593,2.0
209,593,2.0
212,593,1.0
215,593,0.5
219,593,2.0
221,593,1.5
223,593,-0.5
224,593,1.5
227,593,2.0
229,593,1.5
230,593,0.5
231,593,1.5
233,593,2.0
235,593,2.5
238,593,0.5
239,593,1.0
241,593,2.0
242,593,2.5
244,593,1.5
247,593,1.5
249,593,1.5
251,593,2.5
254,593,1.5
256,593,2.0
262,593,-1
263,593,2.5
265,593,2.5
267,593,2.5
273,593,2.5
274,593,1.5
275,593,2.5
279,593,1.5
282,593,1.5
283,593,1.5
286,593,1.5
288,593,2.5
290,593,1.5
292,593,0.5
293,593,1.5
297,593,1.5
300,593,1.5
304,593,1.5
305,593,2.5
307,593,2.0
313,593,2.5
314,593,0.5
317,593,2.5
318,593,1.5
321,593,1.5
325,593,2.5
326,593,2.0
329,593,-1
330,593,2.5
331,593,2.5
332,593,2.0
335,593,1.0
336,593,2.5
338,593,1.5
339,593,2.5
343,593,2.0
348,593,2.5
349,593,2.5
351,593,2.0
352,593,1.5
353,593,2.5
354,593,1.5
357,593,2.0
359,593,2.0
361,593,-0.5
362,593,2.5
365,593,-2.5
367,593,2.5
368,593,1.5
370,593,1.5
372,593,1.5
373,593,2.5
378,593,2.0
380,593,2.5
382,593,2.5
385,593,0.5
386,593,1.5
387,593,1.5
391,593,0.5
399,593,2.0
400,593,2.5
402,593,2.5
404,593,1.5
409,593,1.5
410,593,0.5
411,593,2.5
412,593,1.5
413,593,2.5
414,593,1.5
415,593,2.5
417,593,1.5
418,593,1.5
419,593,0.5
421,593,2.5
424,593,1.5
425,593,1.5
428,593,-0.5
432,593,1.5
433,593,1.5
434,593,1.5
436,593,0.5
441,593,2.0
443,593,1.0
444,593,2.5
445,593,1.5
446,593,2.5
447,593,1.5
448,593,2.5
451,593,2.5
453,593,1.5
455,593,2.5
461,593,1.5
462,593,1.0
464,593,2.5
465,593,2.5
467,593,-2
469,593,1.5
474,593,2.0
477,593,2.5
479,593,1.5
480,593,2.0
485,593,2.5
486,593,0.5
487,593,-0.5
488,593,2.0
489,593,1.5
490,593,1.5
497,593,1.5
503,593,1.0
505,593,2.5
507,593,0.5
510,593,1.0
512,593,2.5
513,593,1.5
514,593,2.5
517,593,0.5
524,593,1.5
525,593,1.0
526,593,1.5
527,593,2.5
528,593,1.5
530,593,1.5
531,593,2.5
532,593,1.5
534,593,1.5
536,593,1.5
541,593,1.5
551,593,2.0
554,593,2.5
555,593,2.5
558,593,1.5
560,593,1.5
561,593,1.5
562,593,2.5
568,593,2.5
572,593,1.5
573,593,2.0
574,593,2.5
577,593,1.5
580,593,2.0
582,593,1.5
583,593,-0.5
584,593,1.5
588,593,2.5
589,593,2.5
590,593,1.0
592,593,2.5
593,593,1.5
594,593,2.5
596,593,1.5
598,593,-2.5
599,593,0.5
600,593,1.5
602,593,2.5
603,593,2.5
604,593,2.5
606,593,2.0
607,593,2.5
608,593,1.5
610,593,2.0
1,596,2.5
5,596,2.5
6,596,0.5
15,596,-1
20,596,2.0
39,596,0.5
43,596,2.5
50,596,-1
57,596,1.5
58,596,1.5
64,596,1.5
68,596,-1
103,596,2.0
117,596,1.5
132,596,-1
147,596,0.5
160,596,1.5
161,596,1.0
168,596,2.0
171,596,2.5
177,596,0.5
181,596,0.5
202,596,1.5
226,596,0.5
232,596,-0.5
240,596,0.5
274,596,1.0
288,596,1.0
307,596,-0.5
318,596,1.0
328,596,1.5
357,596,1.5
373,596,2.5
380,596,1.5
381,596,1.0
385,596,0.5
395,596,0.5
414,596,1.5
436,596,1.5
448,596,1.5
474,596,-1
476,596,2.5
484,596,2.5
488,596,-2.5
502,596,2.0
509,596,-0.5
514,596,1.5
517,596,1.0
525,596,-1.5
534,596,1.5
542,596,2.0
559,596,0.5
561,596,1.5
579,596,0.5
590,596,1.5
599,596,1.0
600,596,-0.5
605,596,-0.5
606,596,0.5
608,596,-2.5
1,608,2.5
4,608,2.5
5,608,0.5
6,608,0.5
16,608,2.0
18,608,2.0
23,608,1.0
24,608,1.5
28,608,0.5
32,608,2.5
33,608,1.5
39,608,2.5
41,608,1.5
50,608,1.5
57,608,1.5
59,608,2.5
63,608,2.0
64,608,1.5
66,608,1.5
68,608,-0.5
71,608,-1
74,608,2.5
76,608,1.5
78,608,-1
84,608,2.5
90,608,2.5
91,608,1.0
95,608,2.0
98,608,1.5
103,608,1.5
104,608,1.5
105,608,1.5
110,608,2.0
117,608,0.5
118,608,1.5
120,608,2.5
122,608,2.5
124,608,2.5
125,608,0.5
128,608,2.5
131,608,1.5
135,608,1.5
137,608,2.0
140,608,2.5
150,608,1.5
152,608,1.5
156,608,2.5
160,608,2.5
162,608,2.5
166,608,2.0
167,608,0.5
168,608,2.5
171,608,2.5
177,608,1.5
178,608,2.0
179,608,1.5
182,608,2.5
187,608,2.0
191,608,2.5
195,608,2.5
198,608,0.5
199,608,2.5
202,608,1.5
206,608,2.5
212,608,0.5
215,608,1.0
217,608,2.5
219,608,0.5
220,608,2.5
221,608,2.5
223,608,0.5
226,608,2.0
233,608,1.5
239,608,2.0
247,608,1.5
249,608,2.0
251,608,2.5
253,608,2.5
260,608,2.5
262,608,2.5
265,608,1.5
266,608,2.5
270,608,1.5
273,608,0.5
274,608,0.5
275,608,1.5
279,608,-1
283,608,1.5
287,608,2.0
288,608,1.5
290,608,2.5
292,608,-1
293,608,0.5
294,608,1.5
297,608,1.5
298,608,0.5
301,608,0.5
302,608,2.5
305,608,1.0
307,608,0.5
312,608,1.5
313,608,1.5
317,608,2.5
318,608,1.5
322,608,2.0
324,608,2.5
328,608,2.5
330,608,1.5
331,608,2.5
332,608,1.5
339,608,2.5
346,608,0.5
348,608,2.5
350,608,0.5
357,608,1.5
362,608,2.5
368,608,1.5
370,608,-1
372,608,2.5
380,608,1.5
381,608,1.0
385,608,2.5
386,608,1.5
387,608,1.5
391,608,2.5
400,608,2.5
409,608,2.5
412,608,1.5
414,608,2.5
415,608,2.0
416,608,2.0
424,608,1.0
425,608,-0.5
433,608,1.5
434,608,2.5
437,608,2.5
443,608,2.5
445,608,1.0
448,608,1.5
451,608,2.5
452,608,2.5
453,608,1.5
462,608,1.0
465,608,2.5
469,608,2.5
470,608,0.5
474,608,1.5
477,608,2.0
480,608,1.5
483,608,1.5
488,608,2.0
489,608,2.0
497,608,2.0
503,608,1.5
514,608,1.5
521,608,2.5
522,608,0.5
525,608,2.0
526,608,2.0
532,608,1.5
541,608,0.5
546,608,-1
553,608,1.0
554,608,-1
555,608,2.5
559,608,1.5
560,608,1.5
561,608,0.5
570,608,1.5
572,608,1.5
577,608,0.5
580,608,1.5
590,608,1.5
593,608,2.0
599,608,1.0
600,608,1.5
602,608,2.5
603,608,2.5
607,608,-1
608,608,0.5
610,608,2.0
1,648,0.5
4,648,0.5
7,648,1.5
11,648,1.5
18,648,0.5
19,648,0.5
21,648,2.0
27,648,1.5
31,648,2.5
32,648,0.5
38,648,1.5
42,648,2.5
43,648,2.5
44,648,0.5
45,648,1.5
57,648,1.5
58,648,2.5
59,648,2.5
63,648,1.5
68,648,1.5
71,648,1.5
72,648,1.5
78,648,0.5
80,648,2.0
82,648,1.5
86,648,2.0
91,648,1.5
93,648,1.5
96,648,0.5
100,648,1.5
117,648,0.5
120,648,0.5
129,648,1.5
135,648,1.5
140,648,1.5
144,648,1.0
150,648,1.5
151,648,0.5
156,648,1.0
160,648,-2
166,648,0.5
171,648,0.5
174,648,2.5
177,648,1.5
179,648,0.5
182,648,1.5
186,648,1.5
195,648,2.5
198,648,0.5
200,648,1.0
202,648,0.5
206,648,0.5
214,648,0.5
216,648,-1
217,648,2.5
219,648,2.0
220,648,0.5
226,648,1.0
229,648,1.5
230,648,-1
232,648,0.5
233,648,0.5
234,648,1.5
235,648,0.5
239,648,1.5
243,648,2.5
244,648,1.5
249,648,1.0
254,648,1.0
264,648,0.5
269,648,0.5
270,648,0.5
274,648,1.0
276,648,2.5
279,648,1.5
282,648,0.5
287,648,-2
288,648,-2
301,648,-0.5
302,648,0.5
304,648,1.5
305,648,1.5
307,648,-1
313,648,-2
314,648,0.5
318,648,0.5
321,648,0.5
326,648,0.5
330,648,-0.5
337,648,2.5
339,648,1.5
340,648,1.5
347,648,1.5
350,648,0.5
354,648,1.5
359,648,1.0
364,648,0.5
368,648,0.5
373,648,1.5
376,648,2.5
380,648,1.5
381,648,0.5
386,648,0.5
387,648,0.5
389,648,0.5
391,648,0.5
395,648,2.5
411,648,2.5
414,648,1.5
418,648,-2.5
425,648,1.0
428,648,-0.5
432,648,1.5
434,648,1.5
437,648,0.5
438,648,1.5
446,648,1.5
448,648,0.5
450,648,1.5
451,648,1.5
452,648,2.5
453,648,0.5
456,648,1.5
464,648,1.0
469,648,-1
470,648,0.5
474,648,1.0
477,648,0.5
480,648,0.5
482,648,1.5
483,648,-1
486,648,2.5
489,648,0.5
492,648,1.5
498,648,2.5
514,648,1.5
521,648,1.5
524,648,0.5
529,648,0.5
540,648,1.0
541,648,2.5
544,648,1.5
551,648,1.5
557,648,2.5
559,648,0.5
561,648,0.5
566,648,1.5
567,648,-0.5
570,648,1.0
572,648,-1
573,648,2.0
590,648,1.0
592,648,1.5
593,648,0.5
594,648,2.5
597,648,1.5
599,648,0.5
600,648,0.5
602,648,1.5
603,648,-1
606,648,-0.5
608,648,1.0
1,661,2.5
19,661,0.5
20,661,2.5
27,661,0.5
32,661,0.5
37,661,0.5
43,661,2.5
44,661,0.5
51,661,0.5
103,661,1.5
117,661,0.5
151,661,0.5
156,661,1.5
160,661,1.5
169,661,1.5
171,661,2.5
172,661,1.0
177,661,0.5
206,661,2.5
214,661,0.5
217,661,0.5
226,661,1.5
230,661,-1
232,661,0.5
270,661,2.5
273,661,1.5
274,661,0.5
288,661,1.0
316,661,-0.5
350,661,0.5
371,661,1.5
380,661,0.5
381,661,2.5
411,661,-1
414,661,1.5
419,661,-2
428,661,0.5
451,661,1.5
477,661,1.5
483,661,1.5
492,661,0.5
501,661,-2
509,661,1.0
521,661,1.5
529,661,0.5
559,661,2.5
600,661,1.5
605,661,-2
608,661,0.5
1,673,0.5
18,673,0.5
19,673,-2
27,673,-1
44,673,-2
55,673,-2.5
57,673,-2
76,673,-2.5
111,673,-0.5
132,673,-1
135,673,-1
141,673,1.5
151,673,1.5
160,673,-1
177,673,0.5
191,673,2.5
217,673,0.5
219,673,1.0
222,673,-0.5
232,673,-0.5
234,673,0.5
240,673,2.5
249,673,0.5
274,673,1.0
276,673,1.5
277,673,0.5
294,673,1.5
305,673,1.5
313,673,-2
314,673,0.5
318,673,1.0
350,673,0.5
355,673,0.5
380,673,1.5
381,673,0.5
385,673,0.5
414,673,-1
419,673,-0.5
438,673,1.0
448,673,0.5
474,673,-1.5
477,673,-2.5
483,673,-0.5
484,673,1.5
492,673,2.5
517,673,-1
525,673,-0.5
561,673,-1
567,673,-1
590,673,0.5
599,673,-0.5
600,673,-2
608,673,0.5
1,733,1.5
11,733,1.5
19,733,0.5
21,733,1.0
24,733,0.5
28,733,-2
31,733,2.5
32,733,1.5
42,733,-1
44,733,2.5
45,733,1.5
52,733,2.5
56,733,1.5
57,733,0.5
59,733,1.5
71,733,0.5
82,733,1.5
84,733,1.5
91,733,0.5
93,733,1.5
96,733,1.5
104,733,0.5
109,733,0.5
117,733,0.5
120,733,1.5
129,733,1.5
140,733,0.5
144,733,1.5
150,733,1.5
160,733,-2
167,733,1.0
170,733,0.5
176,733,2.5
182,733,0.5
183,733,1.5
186,733,1.5
196,733,2.5
201,733,2.5
206,733,0.5
208,733,0.5
217,733,0.5
219,733,1.0
220,733,1.5
222,733,0.5
226,733,1.5
239,733,1.5
244,733,-1
249,733,1.5
266,733,2.5
269,733,1.5
270,733,0.5
274,733,0.5
288,733,0.5
292,733,1.5
294,733,1.5
297,733,0.5
301,733,-2.5
304,733,1.5
305,733,1.5
307,733,0.5
310,733,1.5
313,733,-1
314,733,1.5
334,733,1.0
337,733,2.5
342,733,1.5
350,733,0.5
354,733,1.5
356,733,2.0
364,733,1.5
368,733,0.5
372,733,1.5
373,733,0.5
376,733,1.5
380,733,0.5
381,733,1.0
386,733,0.5
389,733,2.5
414,733,0.5
425,733,1.5
434,733,0.5
437,733,-1
438,733,2.0
446,733,0.5
448,733,0.5
451,733,0.5
453,733,1.5
456,733,2.5
457,733,2.5
469,733,0.5
474,733,1.5
477,733,1.5
480,733,1.0
483,733,1.0
484,733,2.0
486,733,2.5
489,733,1.0
492,733,2.5
493,733,1.5
521,733,1.5
524,733,1.5
525,733,1.5
527,733,2.5
529,733,2.5
531,733,1.5
548,733,2.5
553,733,0.5
559,733,1.5
561,733,0.5
570,733,1.0
573,733,2.0
577,733,0.5
586,733,1.5
588,733,1.5
589,733,-1
590,733,0.5
592,733,2.5
597,733,-2
599,733,1.0
602,733,1.5
608,733,1.5
1,736,0.5
6,736,2.5
11,736,1.5
19,736,-1
27,736,0.5
28,736,-0.5
31,736,1.5
32,736,0.5
38,736,-1
44,736,-1
57,736,-1
58,736,0.5
64,736,1.0
68,736,1.5
71,736,2.5
84,736,0.5
91,736,-0.5
93,736,1.5
115,736,-2
116,736,1.5
117,736,-1
120,736,0.5
129,736,1.5
140,736,0.5
144,736,0.5
151,736,1.5
160,736,-2
169,736,1.5
170,736,0.5
174,736,2.5
177,736,1.5
178,736,0.5
179,736,2.5
187,736,-1.5
199,736,0.5
200,736,-1
206,736,0.5
214,736,-1
217,736,0.5
219,736,0.5
220,736,1.5
223,736,0.5
229,736,1.5
230,736,1.5
232,736,0.5
234,736,2.5
235,736,1.5
240,736,2.5
243,736,2.5
244,736,-1
249,736,0.5
263,736,1.5
270,736,1.5
274,736,-0.5
276,736,1.5
277,736,1.5
284,736,1.5
288,736,-1
297,736,-2
301,736,-2
302,736,0.5
307,736,-2
321,736,1.5
325,736,-2
330,736,-1
337,736,2.5
344,736,2.0
350,736,0.5
359,736,0.5
364,736,1.5
368,736,0.5
372,736,1.5
373,736,0.5
380,736,0.5
381,736,1.0
385,736,1.5
389,736,2.5
402,736,0.5
413,736,2.5
414,736,0.5
425,736,-0.5
434,736,-0.5
437,736,2.5
438,736,0.5
448,736,0.5
451,736,0.5
452,736,1.5
453,736,0.5
456,736,0.5
458,736,1.5
469,736,0.5
470,736,1.5
474,736,-1
477,736,0.5
479,736,0.5
480,736,-0.5
486,736,2.5
489,736,-0.5
492,736,1.5
495,736,1.0
501,736,2.5
521,736,1.5
524,736,0.5
527,736,0.5
529,736,1.5
534,736,1.0
540,736,1.0
544,736,2.5
559,736,0.5
566,736,1.5
570,736,1.5
572,736,-1
573,736,2.0
580,736,1.0
584,736,2.5
589,736,2.5
590,736,-0.5
593,736,-1
594,736,1.5
599,736,-0.5
600,736,-0.5
607,736,2.5
608,736,0.5
1,780,0.5
6,780,2.5
7,780,2.0
11,780,1.5
15,780,1.0
17,780,1.5
18,780,1.5
21,780,1.0
24,780,1.0
27,780,0.5
28,780,0.5
29,780,1.5
31,780,1.5
32,780,0.5
34,780,0.5
42,780,-1
44,780,0.5
45,780,0.5
48,780,1.0
57,780,0.5
58,780,2.5
59,780,1.5
63,780,0.5
64,780,0.5
66,780,1.0
68,780,1.5
71,780,2.5
72,780,1.0
78,780,1.0
82,780,1.5
86,780,1.0
90,780,0.5
91,780,1.0
96,780,0.5
104,780,1.5
109,780,0.5
112,780,2.5
115,780,-1
116,780,-0.5
117,780,0.5
120,780,-1
121,780,1.5
122,780,1.5
129,780,1.0
133,780,0.5
135,780,0.5
137,780,0.5
140,780,1.5
141,780,0.5
144,780,-0.5
149,780,0.5
150,780,1.5
151,780,0.5
153,780,-2.5
160,780,-2
164,780,2.5
171,780,1.5
174,780,0.5
176,780,1.5
177,780,1.0
178,780,0.5
179,780,2.5
182,780,-1.5
186,780,1.5
187,780,-2.5
198,780,-1
199,780,0.5
200,780,1.0
201,780,1.5
202,780,-1
206,780,0.5
212,780,-1
214,780,0.5
217,780,0.5
219,780,1.5
220,780,1.5
221,780,-1
223,780,1.0
226,780,0.5
230,780,0.5
232,780,1.0
233,780,-0.5
235,780,2.5
239,780,1.5
240,780,2.5
244,780,-2
246,780,-0.5
249,780,1.5
254,780,0.5
256,780,2.0
264,780,1.0
265,780,1.5
269,780,1.5
270,780,1.5
274,780,1.0
276,780,2.5
277,780,1.5
279,780,1.5
282,780,1.0
288,780,-2
292,780,2.0
298,780,-0.5
301,780,-0.5
302,780,1.5
304,780,1.5
305,780,2.0
307,780,-1
312,780,-1
313,780,0.5
314,780,0.5
318,780,1.5
321,780,1.5
322,780,0.5
330,780,-0.5
332,780,-1
335,780,2.0
337,780,2.5
340,780,2.5
347,780,2.5
354,780,1.0
357,780,1.5
359,780,1.0
361,780,1.0
364,780,2.5
368,780,-1
374,780,1.5
376,780,1.5
380,780,1.5
381,780,1.5
385,780,0.5
386,780,-1
387,780,-1
389,780,2.5
391,780,-2
399,780,1.0
402,780,2.5
414,780,1.5
419,780,2.0
422,780,1.5
425,780,1.0
428,780,0.5
432,780,-1.5
434,780,-0.5
437,780,0.5
438,780,1.0
445,780,-1
446,780,0.5
448,780,0.5
451,780,0.5
452,780,2.5
453,780,0.5
456,780,2.5
463,780,1.0
464,780,1.0
467,780,-1
469,780,-1
474,780,1.5
477,780,1.5
480,780,0.5
482,780,2.0
483,780,0.5
484,780,0.5
486,780,2.5
489,780,-0.5
492,780,2.5
495,780,2.0
501,780,2.5
513,780,-0.5
517,780,1.0
521,780,1.5
522,780,1.0
524,780,0.5
527,780,1.5
529,780,1.5
534,780,2.0
544,780,2.5
552,780,0.5
555,780,1.5
559,780,2.5
560,780,1.0
561,780,1.5
566,780,0.5
570,780,1.0
573,780,2.5
577,780,0.5
579,780,2.5
580,780,0.5
589,780,2.5
590,780,1.5
592,780,2.5
593,780,-0.5
594,780,2.0
595,780,1.5
597,780,-2
599,780,1.0
600,780,-1
602,780,1.5
605,780,1.0
606,780,-0.5
607,780,1.5
608,780,0.5
610,780,1.0
1,919,2.5
4,919,2.5
18,919,1.5
20,919,2.5
33,919,2.5
36,919,-1.5
45,919,0.5
51,919,-1
64,919,1.5
66,919,1.0
68,919,0.5
84,919,2.5
91,919,0.5
100,919,2.0
104,919,0.5
115,919,1.5
132,919,1.0
135,919,2.5
137,919,2.5
140,919,1.5
156,919,1.5
169,919,2.5
171,919,1.5
177,919,2.5
182,919,1.5
185,919,0.5
186,919,2.5
188,919,2.5
195,919,-2
202,919,1.5
217,919,0.5
226,919,0.5
227,919,1.5
232,919,1.5
234,919,1.5
247,919,1.5
266,919,-2
267,919,2.5
274,919,1.0
280,919,1.0
282,919,2.5
288,919,1.0
290,919,2.5
294,919,-1
305,919,2.5
307,919,2.5
309,919,2.0
313,919,0.5
325,919,1.5
328,919,0.5
330,919,2.0
357,919,2.0
367,919,2.5
380,919,0.5
381,919,1.5
387,919,0.5
409,919,2.5
414,919,1.5
428,919,1.0
448,919,1.5
457,919,1.5
462,919,1.5
469,919,1.5
474,919,2.0
477,919,1.0
479,919,2.5
480,919,2.5
483,919,-2
484,919,2.5
489,919,2.0
514,919,2.0
517,919,2.0
525,919,1.0
527,919,2.5
531,919,0.5
554,919,2.5
561,919,1.0
563,919,1.5
573,919,1.5
577,919,0.5
580,919,-1
590,919,2.5
594,919,1.5
596,919,1.5
597,919,1.5
599,919,0.5
600,919,0.5
603,919,2.5
605,919,-1
607,919,2.5
608,919,-0.5
610,919,1.0
1,923,2.5
9,923,2.5
16,923,1.0
18,923,2.5
23,923,1.5
50,923,1.5
57,923,2.5
68,923,0.5
74,923,2.5
76,923,-1.5
83,923,1.0
84,923,1.5
91,923,1.5
100,923,1.0
103,923,1.5
105,923,1.5
122,923,2.5
128,923,1.5
137,923,2.5
156,923,2.5
166,923,2.0
168,923,2.5
177,923,-0.5
182,923,1.0
198,923,2.5
199,923,2.5
202,923,2.5
221,923,2.0
247,923,1.5
265,923,1.5
267,923,-1
274,923,0.5
275,923,2.5
282,923,-2
288,923,1.0
290,923,2.5
292,923,-1.5
307,923,1.5
346,923,1.5
367,923,2.5
387,923,2.0
391,923,2.5
410,923,2.5
414,923,2.5
420,923,1.0
422,923,1.5
430,923,2.5
448,923,2.0
462,923,2.0
469,923,2.5
474,923,2.0
477,923,1.5
480,923,2.5
484,923,2.0
489,923,1.0
513,923,1.5
524,923,0.5
552,923,2.0
554,923,-1
560,923,1.5
561,923,1.5
570,923,-0.5
577,923,0.5
590,923,1.5
599,923,1.5
600,923,1.5
603,923,2.5
608,923,1.0
610,923,1.5
